timestamp,open,high,low,close,volume,symbol,timeframe
2025-01-01 00:00:00,93576.0,93702.15,93489.03,93656.18,175.85673,BTC/USDT,15m
2025-01-01 00:15:00,93656.19,93898.05,93614.95,93761.9,95.41749,BTC/USDT,15m
2025-01-01 00:30:00,93761.9,93963.67,93761.89,93885.01,94.36416,BTC/USDT,15m
2025-01-01 00:45:00,93885.0,94509.42,93864.44,94401.14,390.35172,BTC/USDT,15m
2025-01-01 01:00:00,94401.13,94408.72,93880.0,94153.05,284.57018,BTC/USDT,15m
2025-01-01 01:15:00,94153.04,94153.05,93819.6,93825.86,102.66232,BTC/USDT,15m
2025-01-01 01:30:00,93825.86,93989.37,93825.86,93923.14,78.97889,BTC/USDT,15m
2025-01-01 01:45:00,93923.14,93945.25,93578.77,93607.74,120.32317,BTC/USDT,15m
2025-01-01 02:00:00,93607.74,93805.04,93594.56,93800.0,104.71689,BTC/USDT,15m
2025-01-01 02:15:00,93800.0,93805.16,93689.48,93742.52,48.21903,BTC/USDT,15m
2025-01-01 02:30:00,93742.51,93921.86,93742.51,93921.86,39.8339,BTC/USDT,15m
2025-01-01 02:45:00,93921.86,94105.12,93912.0,94098.91,84.01063,BTC/USDT,15m
2025-01-01 03:00:00,94098.9,94098.91,93959.89,93976.01,65.06529,BTC/USDT,15m
2025-01-01 03:15:00,93976.01,93976.01,93766.23,93830.89,47.42318,BTC/USDT,15m
2025-01-01 03:30:00,93830.9,93891.15,93800.0,93857.04,67.83649,BTC/USDT,15m
2025-01-01 03:45:00,93857.03,93867.35,93728.22,93838.04,40.66806,BTC/USDT,15m
2025-01-01 04:00:00,93838.04,93838.04,93689.96,93711.19,87.46863,BTC/USDT,15m
2025-01-01 04:15:00,93711.18,93771.99,93679.07,93738.09,53.53604,BTC/USDT,15m
2025-01-01 04:30:00,93738.09,93738.1,93616.82,93645.13,45.89524,BTC/USDT,15m
2025-01-01 04:45:00,93645.12,93670.0,93500.0,93553.91,92.56918,BTC/USDT,15m
2025-01-01 05:00:00,93553.91,93680.0,93547.4,93638.5,44.42431,BTC/USDT,15m
2025-01-01 05:15:00,93638.5,93933.33,93614.5,93891.74,96.81147,BTC/USDT,15m
2025-01-01 05:30:00,93891.74,93937.19,93799.25,93857.65,44.4742,BTC/USDT,15m
2025-01-01 05:45:00,93857.66,93862.11,93792.01,93792.02,23.46942,BTC/USDT,15m
2025-01-01 06:00:00,93792.02,93792.02,93603.21,93603.22,48.12812,BTC/USDT,15m
2025-01-01 06:15:00,93603.21,93701.39,93603.21,93654.5,46.53256,BTC/USDT,15m
2025-01-01 06:30:00,93654.5,93720.01,93568.38,93720.0,134.37648,BTC/USDT,15m
2025-01-01 06:45:00,93720.01,93757.58,93672.34,93757.58,43.2413,BTC/USDT,15m
2025-01-01 07:00:00,93757.57,93757.58,93664.08,93685.25,29.27357,BTC/USDT,15m
2025-01-01 07:15:00,93685.25,93786.04,93677.5,93786.03,43.36678,BTC/USDT,15m
2025-01-01 07:30:00,93786.03,93800.0,93727.27,93741.15,37.98335,BTC/USDT,15m
2025-01-01 07:45:00,93741.15,93767.76,93664.09,93684.1,87.31088,BTC/USDT,15m
2025-01-01 08:00:00,93684.11,93756.02,93677.44,93746.39,72.0457,BTC/USDT,15m
2025-01-01 08:15:00,93746.39,93746.4,93304.0,93416.41,245.3307,BTC/USDT,15m
2025-01-01 08:30:00,93416.41,93527.21,93400.0,93476.46,79.27209,BTC/USDT,15m
2025-01-01 08:45:00,93476.46,93547.83,93320.0,93428.46,85.06324,BTC/USDT,15m
2025-01-01 09:00:00,93428.47,93486.29,93217.93,93327.15,114.48117,BTC/USDT,15m
2025-01-01 09:15:00,93327.15,93327.15,92888.0,93141.91,317.30535,BTC/USDT,15m
2025-01-01 09:30:00,93141.91,93302.52,93001.0,93106.31,230.12665,BTC/USDT,15m
2025-01-01 09:45:00,93106.3,93446.48,93048.64,93413.06,136.58456,BTC/USDT,15m
2025-01-01 10:00:00,93413.07,93534.95,93357.67,93384.27,83.96199,BTC/USDT,15m
2025-01-01 10:15:00,93384.26,93536.75,93384.26,93410.25,54.91381,BTC/USDT,15m
2025-01-01 10:30:00,93410.25,93509.74,93284.0,93397.96,65.35825,BTC/USDT,15m
2025-01-01 10:45:00,93397.96,93416.64,93292.5,93326.23,61.31787,BTC/USDT,15m
2025-01-01 11:00:00,93326.24,93376.63,93200.0,93331.58,76.38624,BTC/USDT,15m
2025-01-01 11:15:00,93331.58,93485.88,93331.57,93485.88,83.55395,BTC/USDT,15m
2025-01-01 11:30:00,93485.88,93605.82,93402.0,93593.24,72.79136,BTC/USDT,15m
2025-01-01 11:45:00,93593.24,93705.08,93443.99,93444.64,88.9907,BTC/USDT,15m
2025-01-01 12:00:00,93444.65,93511.37,93407.07,93451.38,66.75439,BTC/USDT,15m
2025-01-01 12:15:00,93451.37,93972.0,93451.37,93888.31,267.9628,BTC/USDT,15m
2025-01-01 12:30:00,93888.3,93909.1,93768.0,93782.5,112.23963,BTC/USDT,15m
2025-01-01 12:45:00,93782.51,93843.99,93700.73,93820.76,52.39931,BTC/USDT,15m
2025-01-01 13:00:00,93820.75,93900.0,93647.84,93658.13,83.33649,BTC/USDT,15m
2025-01-01 13:15:00,93658.13,93792.69,93600.28,93729.3,79.06472,BTC/USDT,15m
2025-01-01 13:30:00,93729.3,93888.98,93724.0,93776.51,60.2517,BTC/USDT,15m
2025-01-01 13:45:00,93776.51,94058.79,93760.0,94031.76,117.71096,BTC/USDT,15m
2025-01-01 14:00:00,94031.77,94450.85,94028.54,94245.19,249.57315,BTC/USDT,15m
2025-01-01 14:15:00,94245.18,94295.85,93883.66,93919.99,156.61247,BTC/USDT,15m
2025-01-01 14:30:00,93919.99,94140.0,93671.48,93976.51,202.9846,BTC/USDT,15m
2025-01-01 14:45:00,93976.52,94225.58,93914.46,94175.89,142.73675,BTC/USDT,15m
2025-01-01 15:00:00,94175.89,94265.75,93900.0,93982.33,100.33066,BTC/USDT,15m
2025-01-01 15:15:00,93982.33,94239.93,93914.83,94160.5,121.16757,BTC/USDT,15m
2025-01-01 15:30:00,94160.5,94247.78,94089.16,94247.18,79.38959,BTC/USDT,15m
2025-01-01 15:45:00,94247.19,94500.0,94242.98,94432.94,185.19613,BTC/USDT,15m
2025-01-01 16:00:00,94432.94,94492.0,94250.0,94274.63,199.02193,BTC/USDT,15m
2025-01-01 16:15:00,94274.62,94274.62,94096.01,94149.98,125.9484,BTC/USDT,15m
2025-01-01 16:30:00,94149.99,94188.77,94017.37,94017.38,109.63532,BTC/USDT,15m
2025-01-01 16:45:00,94017.37,94090.5,93922.0,94090.49,145.66819,BTC/USDT,15m
2025-01-01 17:00:00,94090.5,94131.66,93859.88,93863.12,90.49792,BTC/USDT,15m
2025-01-01 17:15:00,93863.12,93999.56,93760.93,93973.11,93.30655,BTC/USDT,15m
2025-01-01 17:30:00,93973.12,94088.84,93973.11,94027.41,50.90413,BTC/USDT,15m
2025-01-01 17:45:00,94027.4,94189.16,93897.75,94143.85,69.15935,BTC/USDT,15m
2025-01-01 18:00:00,94143.84,94155.78,93936.44,93999.51,48.85342,BTC/USDT,15m
2025-01-01 18:15:00,93999.52,94240.44,93999.51,94208.43,49.20466,BTC/USDT,15m
2025-01-01 18:30:00,94208.43,94305.73,94191.73,94278.71,84.91808,BTC/USDT,15m
2025-01-01 18:45:00,94278.72,94380.44,94234.24,94340.06,108.81215,BTC/USDT,15m
2025-01-01 19:00:00,94340.06,94398.74,94275.39,94353.01,68.4588,BTC/USDT,15m
2025-01-01 19:15:00,94353.02,94353.02,94168.01,94261.99,79.23436,BTC/USDT,15m
2025-01-01 19:30:00,94261.99,94450.81,94148.34,94447.76,95.96321,BTC/USDT,15m
2025-01-01 19:45:00,94447.77,94823.75,94394.31,94627.07,301.46735,BTC/USDT,15m
2025-01-01 20:00:00,94627.08,94793.77,94627.07,94696.79,102.32169,BTC/USDT,15m
2025-01-01 20:15:00,94696.79,94836.0,94579.83,94711.84,119.07787,BTC/USDT,15m
2025-01-01 20:30:00,94711.84,94797.17,94644.15,94724.02,87.92661,BTC/USDT,15m
2025-01-01 20:45:00,94724.02,94852.7,94716.43,94786.23,115.09851,BTC/USDT,15m
2025-01-01 21:00:00,94786.23,94917.87,94687.87,94772.73,188.9961,BTC/USDT,15m
2025-01-01 21:15:00,94772.72,95151.15,94766.49,94955.98,202.23035,BTC/USDT,15m
2025-01-01 21:30:00,94955.99,95000.0,94734.57,94788.8,109.74195,BTC/USDT,15m
2025-01-01 21:45:00,94789.18,94984.85,94789.18,94978.48,135.84316,BTC/USDT,15m
2025-01-01 22:00:00,94978.48,94997.32,94685.81,94836.01,128.48004,BTC/USDT,15m
2025-01-01 22:15:00,94836.01,94859.42,94720.43,94735.5,87.78981,BTC/USDT,15m
2025-01-01 22:30:00,94735.49,94970.34,94735.49,94955.21,103.91307,BTC/USDT,15m
2025-01-01 22:45:00,94955.2,94955.21,94767.77,94802.98,89.5911,BTC/USDT,15m
2025-01-01 23:00:00,94802.99,94952.29,94666.3,94853.31,128.00262,BTC/USDT,15m
2025-01-01 23:15:00,94853.31,94853.31,94600.0,94637.69,115.51909,BTC/USDT,15m
2025-01-01 23:30:00,94637.69,94757.29,94542.0,94732.01,89.06956,BTC/USDT,15m
2025-01-01 23:45:00,94732.01,94756.61,94591.21,94591.79,104.31657,BTC/USDT,15m
2025-01-02 00:00:00,94591.78,94627.53,94462.88,94530.31,146.5212,BTC/USDT,15m
2025-01-02 00:15:00,94530.3,95200.0,94392.0,94928.71,353.05579,BTC/USDT,15m
2025-01-02 00:30:00,94928.71,95166.67,94724.0,95105.0,383.98427,BTC/USDT,15m
2025-01-02 00:45:00,95105.0,95381.7,94984.66,95128.59,298.20447,BTC/USDT,15m
2025-01-02 01:00:00,95128.59,95516.0,95116.01,95337.0,555.50647,BTC/USDT,15m
2025-01-02 01:15:00,95337.0,95418.41,95020.0,95081.09,193.60836,BTC/USDT,15m
2025-01-02 01:30:00,95081.08,95081.09,94699.69,94996.5,324.87776,BTC/USDT,15m
2025-01-02 01:45:00,94996.5,95001.36,94854.05,94862.72,69.37358,BTC/USDT,15m
2025-01-02 02:00:00,94862.73,95124.1,94803.03,95020.53,91.23554,BTC/USDT,15m
2025-01-02 02:15:00,95020.53,95136.37,94840.0,95026.52,146.22033,BTC/USDT,15m
2025-01-02 02:30:00,95026.51,95124.0,94829.0,95027.01,113.08153,BTC/USDT,15m
2025-01-02 02:45:00,95027.0,95234.37,95027.0,95234.36,105.1126,BTC/USDT,15m
2025-01-02 03:00:00,95234.37,95299.24,94960.36,95005.1,107.66381,BTC/USDT,15m
2025-01-02 03:15:00,95005.1,95151.0,95005.09,95075.77,71.16788,BTC/USDT,15m
2025-01-02 03:30:00,95075.77,95093.83,94922.26,94922.26,51.55674,BTC/USDT,15m
2025-01-02 03:45:00,94922.26,95017.46,94913.75,95010.33,59.89743,BTC/USDT,15m
2025-01-02 04:00:00,95010.34,95273.45,94984.84,95157.15,169.16337,BTC/USDT,15m
2025-01-02 04:15:00,95157.15,95206.78,95045.83,95173.88,65.08385,BTC/USDT,15m
2025-01-02 04:30:00,95173.87,95970.0,95173.87,95812.79,473.70299,BTC/USDT,15m
2025-01-02 04:45:00,95812.79,96000.0,95670.69,95708.07,217.66898,BTC/USDT,15m
2025-01-02 05:00:00,95708.07,95729.01,95446.9,95470.01,164.74489,BTC/USDT,15m
2025-01-02 05:15:00,95470.01,95800.0,95395.21,95760.99,349.41456,BTC/USDT,15m
2025-01-02 05:30:00,95760.98,95772.73,95686.04,95772.72,65.52381,BTC/USDT,15m
2025-01-02 05:45:00,95772.73,95775.37,95508.11,95596.48,122.43395,BTC/USDT,15m
2025-01-02 06:00:00,95596.48,95697.01,95477.0,95531.25,89.82692,BTC/USDT,15m
2025-01-02 06:15:00,95531.25,95531.26,95380.04,95460.0,101.70014,BTC/USDT,15m
2025-01-02 06:30:00,95460.0,95593.92,95384.57,95530.3,251.27885,BTC/USDT,15m
2025-01-02 06:45:00,95530.31,95594.15,95469.07,95574.99,74.66181,BTC/USDT,15m
2025-01-02 07:00:00,95575.0,95749.58,95505.35,95699.98,80.74038,BTC/USDT,15m
2025-01-02 07:15:00,95699.98,95836.0,95657.91,95773.3,129.52202,BTC/USDT,15m
2025-01-02 07:30:00,95773.3,95880.0,95736.48,95840.0,84.15619,BTC/USDT,15m
2025-01-02 07:45:00,95839.99,95850.49,95692.46,95822.0,158.20914,BTC/USDT,15m
2025-01-02 08:00:00,95822.01,96050.03,95822.01,95963.58,222.49715,BTC/USDT,15m
2025-01-02 08:15:00,95963.58,95982.87,95650.78,95721.42,193.20301,BTC/USDT,15m
2025-01-02 08:30:00,95721.43,95944.32,95640.05,95944.31,105.48553,BTC/USDT,15m
2025-01-02 08:45:00,95944.31,96211.54,95924.24,96150.0,323.57594,BTC/USDT,15m
2025-01-02 09:00:00,96150.0,96241.6,96036.86,96199.96,228.31899,BTC/USDT,15m
2025-01-02 09:15:00,96199.95,96435.67,96199.95,96393.5,238.16134,BTC/USDT,15m
2025-01-02 09:30:00,96393.51,96490.47,96342.0,96350.0,115.52566,BTC/USDT,15m
2025-01-02 09:45:00,96350.0,96799.86,96287.87,96755.51,394.01929,BTC/USDT,15m
2025-01-02 10:00:00,96755.51,96808.37,96563.77,96606.14,299.90431,BTC/USDT,15m
2025-01-02 10:15:00,96606.14,96778.85,96603.43,96697.95,241.47105,BTC/USDT,15m
2025-01-02 10:30:00,96697.95,96764.02,96590.36,96610.39,137.51479,BTC/USDT,15m
2025-01-02 10:45:00,96610.39,96722.23,96538.77,96708.0,147.85671,BTC/USDT,15m
2025-01-02 11:00:00,96708.0,96876.38,96646.6,96759.98,156.53796,BTC/USDT,15m
2025-01-02 11:15:00,96759.99,96760.0,96469.46,96556.16,207.7742,BTC/USDT,15m
2025-01-02 11:30:00,96556.16,96727.27,96550.69,96691.9,99.39281,BTC/USDT,15m
2025-01-02 11:45:00,96691.91,96789.47,96608.35,96732.99,69.95877,BTC/USDT,15m
2025-01-02 12:00:00,96733.0,96863.92,96682.69,96806.26,170.56502,BTC/USDT,15m
2025-01-02 12:15:00,96806.27,96895.0,96609.42,96754.72,189.46097,BTC/USDT,15m
2025-01-02 12:30:00,96754.72,96817.25,96611.0,96672.01,127.32909,BTC/USDT,15m
2025-01-02 12:45:00,96672.0,96865.05,96672.0,96850.01,189.95002,BTC/USDT,15m
2025-01-02 13:00:00,96850.01,96988.05,96744.74,96764.52,214.37184,BTC/USDT,15m
2025-01-02 13:15:00,96764.52,96871.28,96630.0,96763.6,299.77165,BTC/USDT,15m
2025-01-02 13:30:00,96763.61,96794.97,96597.15,96668.0,182.62813,BTC/USDT,15m
2025-01-02 13:45:00,96668.0,96673.17,96436.0,96458.17,206.50285,BTC/USDT,15m
2025-01-02 14:00:00,96458.17,96458.83,95924.6,96368.06,555.05322,BTC/USDT,15m
2025-01-02 14:15:00,96368.06,96491.15,96144.01,96474.83,200.49301,BTC/USDT,15m
2025-01-02 14:30:00,96474.83,97440.91,96267.45,96812.44,1284.79437,BTC/USDT,15m
2025-01-02 14:45:00,96812.99,97360.88,96809.97,97256.49,966.76396,BTC/USDT,15m
2025-01-02 15:00:00,97256.48,97323.16,96960.0,97034.78,544.44336,BTC/USDT,15m
2025-01-02 15:15:00,97034.07,97104.0,96313.0,96666.85,516.76326,BTC/USDT,15m
2025-01-02 15:30:00,96666.85,96744.82,96164.78,96346.24,573.48616,BTC/USDT,15m
2025-01-02 15:45:00,96346.23,96639.66,96207.07,96455.01,372.35422,BTC/USDT,15m
2025-01-02 16:00:00,96455.01,96721.23,96040.04,96652.57,411.77326,BTC/USDT,15m
2025-01-02 16:15:00,96652.56,97387.15,96652.56,97387.15,506.26118,BTC/USDT,15m
2025-01-02 16:30:00,97387.14,97600.0,97246.88,97438.33,475.40235,BTC/USDT,15m
2025-01-02 16:45:00,97438.34,97650.0,97152.89,97229.74,331.59311,BTC/USDT,15m
2025-01-02 17:00:00,97229.75,97591.84,97101.19,97546.33,196.87151,BTC/USDT,15m
2025-01-02 17:15:00,97546.33,97554.34,97033.95,97084.41,287.60636,BTC/USDT,15m
2025-01-02 17:30:00,97084.41,97099.46,96333.95,96660.0,520.03326,BTC/USDT,15m
2025-01-02 17:45:00,96659.51,96757.58,96325.44,96757.57,268.24662,BTC/USDT,15m
2025-01-02 18:00:00,96757.57,97049.69,96400.0,96848.49,279.7285,BTC/USDT,15m
2025-01-02 18:15:00,96848.49,97113.44,96740.0,96903.0,199.42168,BTC/USDT,15m
2025-01-02 18:30:00,96902.99,97102.56,96634.61,97090.54,167.30004,BTC/USDT,15m
2025-01-02 18:45:00,97090.54,97350.0,97024.19,97319.74,193.45438,BTC/USDT,15m
2025-01-02 19:00:00,97319.74,97586.34,97212.81,97482.91,242.43572,BTC/USDT,15m
2025-01-02 19:15:00,97482.9,97777.0,97479.59,97600.0,163.41742,BTC/USDT,15m
2025-01-02 19:30:00,97600.0,97600.0,97200.0,97415.65,171.76112,BTC/USDT,15m
2025-01-02 19:45:00,97415.64,97591.69,97286.45,97317.74,136.79539,BTC/USDT,15m
2025-01-02 20:00:00,97317.74,97769.23,97317.74,97769.23,152.49734,BTC/USDT,15m
2025-01-02 20:15:00,97769.22,97839.5,97600.0,97600.0,189.21706,BTC/USDT,15m
2025-01-02 20:30:00,97600.01,97728.93,97335.43,97462.0,162.13944,BTC/USDT,15m
2025-01-02 20:45:00,97462.0,97705.88,97300.0,97306.46,214.99296,BTC/USDT,15m
2025-01-02 21:00:00,97306.46,97355.77,97163.47,97219.73,126.53759,BTC/USDT,15m
2025-01-02 21:15:00,97219.73,97251.27,97060.52,97124.48,89.94205,BTC/USDT,15m
2025-01-02 21:30:00,97124.48,97265.28,97040.16,97200.0,77.99605,BTC/USDT,15m
2025-01-02 21:45:00,97199.99,97260.85,97135.5,97212.68,99.67158,BTC/USDT,15m
2025-01-02 22:00:00,97212.69,97212.69,97000.48,97000.48,68.56117,BTC/USDT,15m
2025-01-02 22:15:00,97000.48,97000.48,96666.66,96882.8,204.27906,BTC/USDT,15m
2025-01-02 22:30:00,96882.8,97042.26,96841.69,96916.95,81.55718,BTC/USDT,15m
2025-01-02 22:45:00,96916.94,97017.29,96861.4,96911.04,64.38351,BTC/USDT,15m
2025-01-02 23:00:00,96911.04,97022.76,96758.17,96848.49,194.66734,BTC/USDT,15m
2025-01-02 23:15:00,96848.49,96980.0,96820.42,96973.53,83.55375,BTC/USDT,15m
2025-01-02 23:30:00,96973.52,97077.78,96889.21,96997.53,74.1394,BTC/USDT,15m
2025-01-02 23:45:00,96997.52,96997.53,96847.16,96984.79,89.42385,BTC/USDT,15m
2025-01-03 00:00:00,96984.79,97080.96,96945.21,96945.21,85.9827,BTC/USDT,15m
2025-01-03 00:15:00,96945.22,97039.97,96796.56,97025.92,102.43028,BTC/USDT,15m
2025-01-03 00:30:00,97025.92,97068.14,96890.99,96913.84,64.78242,BTC/USDT,15m
2025-01-03 00:45:00,96913.83,96994.62,96799.96,96825.82,61.81433,BTC/USDT,15m
2025-01-03 01:00:00,96825.83,96900.0,96705.62,96730.0,115.44915,BTC/USDT,15m
2025-01-03 01:15:00,96730.0,96907.13,96650.0,96907.12,72.84751,BTC/USDT,15m
2025-01-03 01:30:00,96907.13,96907.13,96682.69,96746.46,59.1531,BTC/USDT,15m
2025-01-03 01:45:00,96746.47,97000.0,96702.38,96985.47,94.90938,BTC/USDT,15m
2025-01-03 02:00:00,96985.47,97100.0,96856.98,97100.0,74.36675,BTC/USDT,15m
2025-01-03 02:15:00,97100.0,97342.44,97072.0,97259.0,147.05729,BTC/USDT,15m
2025-01-03 02:30:00,97258.99,97262.19,97068.0,97083.9,91.92327,BTC/USDT,15m
2025-01-03 02:45:00,97083.9,97141.89,96952.66,96966.85,75.29277,BTC/USDT,15m
2025-01-03 03:00:00,96966.85,97084.25,96966.84,96980.01,78.9993,BTC/USDT,15m
2025-01-03 03:15:00,96980.0,96995.51,96833.99,96941.88,79.04558,BTC/USDT,15m
2025-01-03 03:30:00,96941.87,97009.5,96876.8,96936.04,48.40282,BTC/USDT,15m
2025-01-03 03:45:00,96936.04,97090.91,96918.0,97062.3,49.3015,BTC/USDT,15m
2025-01-03 04:00:00,97062.3,97066.18,96905.96,96962.4,72.80656,BTC/USDT,15m
2025-01-03 04:15:00,96962.4,97016.0,96878.52,96920.26,49.68335,BTC/USDT,15m
2025-01-03 04:30:00,96920.27,96962.56,96809.52,96895.99,72.05888,BTC/USDT,15m
2025-01-03 04:45:00,96895.98,96895.99,96766.51,96813.41,70.97334,BTC/USDT,15m
2025-01-03 05:00:00,96813.49,96860.48,96610.29,96769.15,86.17533,BTC/USDT,15m
2025-01-03 05:15:00,96769.15,96820.0,96590.28,96678.76,102.83673,BTC/USDT,15m
2025-01-03 05:30:00,96678.76,96778.85,96639.7,96750.36,64.43544,BTC/USDT,15m
2025-01-03 05:45:00,96750.36,96813.77,96712.91,96765.34,63.01581,BTC/USDT,15m
2025-01-03 06:00:00,96765.35,96918.56,96712.97,96865.19,73.05682,BTC/USDT,15m
2025-01-03 06:15:00,96865.2,96902.35,96619.98,96668.0,124.20075,BTC/USDT,15m
2025-01-03 06:30:00,96667.55,96739.67,96644.0,96672.0,101.14852,BTC/USDT,15m
2025-01-03 06:45:00,96672.01,96681.91,96512.0,96539.49,83.99654,BTC/USDT,15m
2025-01-03 07:00:00,96539.49,96588.0,96450.0,96542.05,129.52288,BTC/USDT,15m
2025-01-03 07:15:00,96542.04,96645.83,96411.54,96452.07,90.41634,BTC/USDT,15m
2025-01-03 07:30:00,96452.06,96472.94,96280.65,96384.84,205.60868,BTC/USDT,15m
2025-01-03 07:45:00,96384.83,96416.08,96304.0,96304.0,121.32139,BTC/USDT,15m
2025-01-03 08:00:00,96304.0,96466.65,96304.0,96463.93,134.57358,BTC/USDT,15m
2025-01-03 08:15:00,96463.92,96529.84,96341.01,96341.01,94.55675,BTC/USDT,15m
2025-01-03 08:30:00,96341.01,96341.02,96110.22,96266.41,202.34428,BTC/USDT,15m
2025-01-03 08:45:00,96266.41,96300.0,96100.01,96129.97,111.9166,BTC/USDT,15m
2025-01-03 09:00:00,96129.97,96337.69,96107.84,96337.69,108.40057,BTC/USDT,15m
2025-01-03 09:15:00,96337.69,96570.62,96322.8,96491.86,228.07368,BTC/USDT,15m
2025-01-03 09:30:00,96491.87,96700.11,96450.0,96637.81,92.36874,BTC/USDT,15m
2025-01-03 09:45:00,96637.8,96702.48,96554.31,96554.32,99.15186,BTC/USDT,15m
2025-01-03 10:00:00,96554.32,96561.36,96402.82,96426.51,132.19573,BTC/USDT,15m
2025-01-03 10:15:00,96426.52,96558.0,96426.52,96537.0,66.59053,BTC/USDT,15m
2025-01-03 10:30:00,96537.0,96640.01,96467.43,96482.71,78.80845,BTC/USDT,15m
2025-01-03 10:45:00,96482.72,96538.46,96454.36,96488.53,77.78198,BTC/USDT,15m
2025-01-03 11:00:00,96488.53,96543.38,96482.51,96510.04,48.34225,BTC/USDT,15m
2025-01-03 11:15:00,96510.03,96816.11,96510.03,96750.0,175.53296,BTC/USDT,15m
2025-01-03 11:30:00,96750.0,96805.67,96661.68,96677.34,88.53959,BTC/USDT,15m
2025-01-03 11:45:00,96677.35,96830.0,96677.34,96757.58,136.00028,BTC/USDT,15m
2025-01-03 12:00:00,96757.57,96881.02,96720.0,96859.67,123.20485,BTC/USDT,15m
2025-01-03 12:15:00,96859.67,96901.06,96717.36,96893.04,104.07146,BTC/USDT,15m
2025-01-03 12:30:00,96893.03,96921.36,96706.48,96713.39,77.90376,BTC/USDT,15m
2025-01-03 12:45:00,96713.39,96753.54,96666.66,96666.66,82.40233,BTC/USDT,15m
2025-01-03 13:00:00,96666.66,96839.71,96540.0,96632.13,165.9992,BTC/USDT,15m
2025-01-03 13:15:00,96632.14,96715.98,96482.52,96538.96,171.05428,BTC/USDT,15m
2025-01-03 13:30:00,96538.95,96716.92,96512.0,96621.69,153.53854,BTC/USDT,15m
2025-01-03 13:45:00,96621.7,96650.0,96472.43,96504.79,140.21171,BTC/USDT,15m
2025-01-03 14:00:00,96504.8,96914.12,96504.79,96784.0,173.57434,BTC/USDT,15m
2025-01-03 14:15:00,96784.0,97131.0,96697.36,97084.6,196.81405,BTC/USDT,15m
2025-01-03 14:30:00,97084.6,97342.44,96624.5,97251.98,606.08614,BTC/USDT,15m
2025-01-03 14:45:00,97251.99,97285.78,96737.14,97016.01,414.11621,BTC/USDT,15m
2025-01-03 15:00:00,97016.0,97450.0,96880.59,97156.95,465.97795,BTC/USDT,15m
2025-01-03 15:15:00,97156.95,97317.64,96759.12,97263.78,367.50582,BTC/USDT,15m
2025-01-03 15:30:00,97263.79,97557.09,97138.14,97432.81,369.21264,BTC/USDT,15m
2025-01-03 15:45:00,97432.8,97660.0,97289.67,97521.35,384.90518,BTC/USDT,15m
2025-01-03 16:00:00,97521.36,97726.52,97406.54,97633.12,370.91718,BTC/USDT,15m
2025-01-03 16:15:00,97633.12,98444.42,97603.18,98066.0,826.59909,BTC/USDT,15m
2025-01-03 16:30:00,98066.0,98368.85,98062.61,98147.35,382.88569,BTC/USDT,15m
2025-01-03 16:45:00,98147.34,98151.52,97720.31,97868.2,319.51302,BTC/USDT,15m
2025-01-03 17:00:00,97868.21,98083.99,97837.63,97919.28,267.26302,BTC/USDT,15m
2025-01-03 17:15:00,97919.28,98263.13,97909.09,98164.02,200.37485,BTC/USDT,15m
2025-01-03 17:30:00,98164.02,98299.76,98120.37,98214.08,142.03775,BTC/USDT,15m
2025-01-03 17:45:00,98214.09,98214.09,97944.44,98026.0,190.03582,BTC/USDT,15m
2025-01-03 18:00:00,98025.99,98330.42,98000.0,98323.86,167.82282,BTC/USDT,15m
2025-01-03 18:15:00,98323.86,98481.74,98272.49,98481.73,177.68702,BTC/USDT,15m
2025-01-03 18:30:00,98481.73,98580.92,98290.75,98432.0,234.98289,BTC/USDT,15m
2025-01-03 18:45:00,98432.0,98697.86,98370.0,98527.98,233.15051,BTC/USDT,15m
2025-01-03 19:00:00,98527.97,98900.0,98491.53,98900.0,499.2701,BTC/USDT,15m
2025-01-03 19:15:00,98899.99,98976.91,98647.47,98697.85,264.08945,BTC/USDT,15m
2025-01-03 19:30:00,98697.85,98838.18,98660.84,98698.23,164.38614,BTC/USDT,15m
2025-01-03 19:45:00,98697.39,98697.39,98554.3,98592.01,142.68142,BTC/USDT,15m
2025-01-03 20:00:00,98592.02,98602.29,98300.0,98479.56,265.14694,BTC/USDT,15m
2025-01-03 20:15:00,98479.56,98748.0,98479.56,98618.09,161.19361,BTC/USDT,15m
2025-01-03 20:30:00,98618.08,98629.05,98404.13,98453.89,204.29749,BTC/USDT,15m
2025-01-03 20:45:00,98453.89,98503.47,98311.51,98311.52,215.53167,BTC/USDT,15m
2025-01-03 21:00:00,98311.51,98369.56,98196.96,98206.18,238.05781,BTC/USDT,15m
2025-01-03 21:15:00,98206.18,98274.48,98197.28,98274.48,102.97248,BTC/USDT,15m
2025-01-03 21:30:00,98274.47,98419.14,98246.95,98325.58,96.34507,BTC/USDT,15m
2025-01-03 21:45:00,98325.58,98358.7,98209.95,98272.7,70.00501,BTC/USDT,15m
2025-01-03 22:00:00,98272.7,98468.39,98272.7,98372.33,93.52344,BTC/USDT,15m
2025-01-03 22:15:00,98372.33,98512.94,98324.0,98460.37,80.76815,BTC/USDT,15m
2025-01-03 22:30:00,98460.38,98485.83,98398.44,98408.56,65.30484,BTC/USDT,15m
2025-01-03 22:45:00,98408.55,98408.56,98250.0,98296.37,77.95201,BTC/USDT,15m
2025-01-03 23:00:00,98296.37,98382.19,98272.72,98277.76,99.08032,BTC/USDT,15m
2025-01-03 23:15:00,98277.76,98294.32,98101.0,98101.01,72.08646,BTC/USDT,15m
2025-01-03 23:30:00,98101.01,98184.6,98067.99,98174.18,85.56841,BTC/USDT,15m
2025-01-03 23:45:00,98174.19,98183.96,98114.89,98174.18,57.52708,BTC/USDT,15m
2025-01-04 00:00:00,98174.17,98288.0,98016.69,98111.11,184.50531,BTC/USDT,15m
2025-01-04 00:15:00,98111.12,98155.99,98094.01,98094.02,72.42027,BTC/USDT,15m
2025-01-04 00:30:00,98094.02,98094.02,97887.2,97986.21,122.23577,BTC/USDT,15m
2025-01-04 00:45:00,97986.2,98055.56,97902.01,97950.01,85.98186,BTC/USDT,15m
2025-01-04 01:00:00,97950.01,98005.69,97828.43,97888.78,104.25742,BTC/USDT,15m
2025-01-04 01:15:00,97888.78,97961.8,97800.0,97960.15,71.12691,BTC/USDT,15m
2025-01-04 01:30:00,97960.15,98095.06,97909.09,98060.11,65.45458,BTC/USDT,15m
2025-01-04 01:45:00,98060.11,98090.33,98021.05,98040.0,51.25968,BTC/USDT,15m
2025-01-04 02:00:00,98040.0,98042.02,97848.48,97922.75,129.99687,BTC/USDT,15m
2025-01-04 02:15:00,97922.75,97944.02,97874.46,97900.67,43.84695,BTC/USDT,15m
2025-01-04 02:30:00,97900.67,98184.0,97874.64,98141.1,101.14015,BTC/USDT,15m
2025-01-04 02:45:00,98141.11,98314.15,98141.11,98304.51,93.91761,BTC/USDT,15m
2025-01-04 03:00:00,98304.51,98304.51,98111.2,98168.66,89.88892,BTC/USDT,15m
2025-01-04 03:15:00,98168.67,98168.67,98052.97,98086.8,49.26023,BTC/USDT,15m
2025-01-04 03:30:00,98086.8,98246.97,98078.48,98246.96,56.71133,BTC/USDT,15m
2025-01-04 03:45:00,98246.96,98269.39,98196.0,98200.0,78.82802,BTC/USDT,15m
2025-01-04 04:00:00,98200.01,98200.01,97918.27,97933.46,105.66465,BTC/USDT,15m
2025-01-04 04:15:00,97933.46,97972.0,97900.0,97948.87,50.74721,BTC/USDT,15m
2025-01-04 04:30:00,97948.87,98012.91,97862.87,97999.99,80.72094,BTC/USDT,15m
2025-01-04 04:45:00,98000.0,98001.01,97932.01,98001.0,67.36677,BTC/USDT,15m
2025-01-04 05:00:00,98001.0,98055.56,97988.76,98034.37,45.84467,BTC/USDT,15m
2025-01-04 05:15:00,98034.38,98164.75,98034.38,98143.44,63.0241,BTC/USDT,15m
2025-01-04 05:30:00,98143.45,98196.51,98129.0,98186.51,55.56697,BTC/USDT,15m
2025-01-04 05:45:00,98186.51,98186.51,98063.34,98126.21,85.54213,BTC/USDT,15m
2025-01-04 06:00:00,98126.21,98140.98,98061.79,98063.32,63.05609,BTC/USDT,15m
2025-01-04 06:15:00,98063.32,98090.91,98047.79,98073.02,45.21603,BTC/USDT,15m
2025-01-04 06:30:00,98073.03,98093.56,98039.91,98055.49,51.74203,BTC/USDT,15m
2025-01-04 06:45:00,98055.48,98209.7,98041.67,98127.54,51.90923,BTC/USDT,15m
2025-01-04 07:00:00,98127.53,98233.44,98095.17,98228.83,68.26233,BTC/USDT,15m
2025-01-04 07:15:00,98228.84,98350.04,98156.0,98193.71,220.45355,BTC/USDT,15m
2025-01-04 07:30:00,98193.71,98291.04,98169.92,98291.03,105.534,BTC/USDT,15m
2025-01-04 07:45:00,98291.03,98323.28,98223.51,98271.88,60.21153,BTC/USDT,15m
2025-01-04 08:00:00,98271.87,98306.22,98213.84,98248.99,61.35765,BTC/USDT,15m
2025-01-04 08:15:00,98248.99,98250.0,98112.55,98185.85,76.26064,BTC/USDT,15m
2025-01-04 08:30:00,98185.85,98270.07,98136.76,98136.76,55.24498,BTC/USDT,15m
2025-01-04 08:45:00,98136.76,98136.77,97905.26,97906.07,110.81251,BTC/USDT,15m
2025-01-04 09:00:00,97906.08,97980.0,97833.34,97850.0,98.91645,BTC/USDT,15m
2025-01-04 09:15:00,97850.0,97950.0,97713.11,97873.39,162.69727,BTC/USDT,15m
2025-01-04 09:30:00,97873.39,97899.07,97777.72,97804.33,111.14041,BTC/USDT,15m
2025-01-04 09:45:00,97804.33,97804.34,97532.58,97690.37,299.03737,BTC/USDT,15m
2025-01-04 10:00:00,97690.37,97751.88,97633.28,97708.93,95.95672,BTC/USDT,15m
2025-01-04 10:15:00,97708.93,97762.33,97600.0,97736.17,98.38497,BTC/USDT,15m
2025-01-04 10:30:00,97736.17,97848.49,97736.16,97824.65,78.11258,BTC/USDT,15m
2025-01-04 10:45:00,97824.66,97859.6,97789.31,97789.32,58.23133,BTC/USDT,15m
2025-01-04 11:00:00,97789.32,97789.32,97711.54,97771.74,64.1387,BTC/USDT,15m
2025-01-04 11:15:00,97771.74,97781.02,97723.98,97758.89,75.09778,BTC/USDT,15m
2025-01-04 11:30:00,97758.89,97849.1,97758.88,97839.75,54.46528,BTC/USDT,15m
2025-01-04 11:45:00,97839.76,97923.07,97832.0,97889.39,85.40942,BTC/USDT,15m
2025-01-04 12:00:00,97889.4,97927.57,97804.0,97840.0,72.55802,BTC/USDT,15m
2025-01-04 12:15:00,97840.0,98016.97,97800.0,97921.89,113.96983,BTC/USDT,15m
2025-01-04 12:30:00,97921.9,97993.49,97867.43,97867.43,89.34402,BTC/USDT,15m
2025-01-04 12:45:00,97867.43,97897.98,97801.49,97888.12,60.92505,BTC/USDT,15m
2025-01-04 13:00:00,97888.12,97967.35,97860.0,97896.0,81.58543,BTC/USDT,15m
2025-01-04 13:15:00,97896.01,97928.48,97770.74,97849.51,104.15238,BTC/USDT,15m
2025-01-04 13:30:00,97849.51,97876.32,97750.0,97876.31,136.11297,BTC/USDT,15m
2025-01-04 13:45:00,97876.32,98068.46,97876.32,97973.05,141.34976,BTC/USDT,15m
2025-01-04 14:00:00,97973.05,97980.0,97858.14,97867.13,71.97678,BTC/USDT,15m
2025-01-04 14:15:00,97867.13,98013.32,97828.38,98000.0,100.86812,BTC/USDT,15m
2025-01-04 14:30:00,98000.01,98080.15,97940.64,98059.98,98.36556,BTC/USDT,15m
2025-01-04 14:45:00,98059.99,98059.99,97999.89,98035.04,58.23114,BTC/USDT,15m
2025-01-04 15:00:00,98035.05,98044.72,97925.6,97997.81,88.10382,BTC/USDT,15m
2025-01-04 15:15:00,97997.81,98152.02,97625.6,97832.06,174.30565,BTC/USDT,15m
2025-01-04 15:30:00,97832.07,97832.07,97568.34,97637.63,283.40708,BTC/USDT,15m
2025-01-04 15:45:00,97637.63,97737.5,97514.79,97657.94,191.9677,BTC/USDT,15m
2025-01-04 16:00:00,97657.95,97800.0,97623.99,97780.29,129.81106,BTC/USDT,15m
2025-01-04 16:15:00,97780.29,97874.68,97703.11,97703.12,75.52066,BTC/USDT,15m
2025-01-04 16:30:00,97703.11,97703.11,97549.99,97636.42,311.86651,BTC/USDT,15m
2025-01-04 16:45:00,97636.41,97729.14,97622.66,97704.6,57.92078,BTC/USDT,15m
2025-01-04 17:00:00,97704.6,97801.27,97687.77,97774.69,56.63737,BTC/USDT,15m
2025-01-04 17:15:00,97774.69,97826.81,97774.69,97780.29,48.93823,BTC/USDT,15m
2025-01-04 17:30:00,97780.28,97909.1,97752.02,97877.01,67.34654,BTC/USDT,15m
2025-01-04 17:45:00,97877.0,98049.99,97865.89,98016.26,78.52491,BTC/USDT,15m
2025-01-04 18:00:00,98016.26,98084.16,97962.67,98065.12,67.06059,BTC/USDT,15m
2025-01-04 18:15:00,98065.13,98139.13,98042.19,98057.28,75.16593,BTC/USDT,15m
2025-01-04 18:30:00,98057.27,98098.39,97976.74,98046.4,38.99403,BTC/USDT,15m
2025-01-04 18:45:00,98046.4,98064.01,97909.85,97961.56,55.99742,BTC/USDT,15m
2025-01-04 19:00:00,97961.56,98123.44,97931.23,98123.44,67.66742,BTC/USDT,15m
2025-01-04 19:15:00,98123.43,98350.0,98123.43,98167.17,147.40616,BTC/USDT,15m
2025-01-04 19:30:00,98167.17,98264.24,98119.58,98140.97,51.46608,BTC/USDT,15m
2025-01-04 19:45:00,98140.98,98200.0,98093.66,98166.26,63.94202,BTC/USDT,15m
2025-01-04 20:00:00,98166.26,98490.0,98166.25,98292.5,130.83903,BTC/USDT,15m
2025-01-04 20:15:00,98292.5,98466.21,98251.99,98456.37,52.40282,BTC/USDT,15m
2025-01-04 20:30:00,98456.37,98671.02,98400.0,98543.99,169.97678,BTC/USDT,15m
2025-01-04 20:45:00,98543.98,98626.97,98521.98,98599.02,88.4761,BTC/USDT,15m
2025-01-04 21:00:00,98599.02,98778.43,98539.98,98548.49,146.91134,BTC/USDT,15m
2025-01-04 21:15:00,98548.5,98663.46,98502.77,98532.81,213.80465,BTC/USDT,15m
2025-01-04 21:30:00,98532.81,98532.82,98363.63,98384.52,118.32024,BTC/USDT,15m
2025-01-04 21:45:00,98384.53,98407.92,98344.0,98362.43,57.33967,BTC/USDT,15m
2025-01-04 22:00:00,98362.43,98406.27,98334.3,98340.54,51.36964,BTC/USDT,15m
2025-01-04 22:15:00,98340.54,98340.55,98266.33,98268.0,92.00653,BTC/USDT,15m
2025-01-04 22:30:00,98268.01,98448.47,98265.91,98408.11,93.5461,BTC/USDT,15m
2025-01-04 22:45:00,98408.1,98484.85,98359.53,98417.25,52.7852,BTC/USDT,15m
2025-01-04 23:00:00,98417.25,98419.14,98143.2,98174.99,108.61497,BTC/USDT,15m
2025-01-04 23:15:00,98175.0,98272.56,98174.99,98240.0,36.10249,BTC/USDT,15m
2025-01-04 23:30:00,98240.0,98280.0,98208.0,98225.62,56.80214,BTC/USDT,15m
2025-01-04 23:45:00,98225.61,98311.24,98212.26,98220.5,52.31162,BTC/USDT,15m
2025-01-05 00:00:00,98220.51,98328.09,98154.18,98286.77,82.75449,BTC/USDT,15m
2025-01-05 00:15:00,98286.77,98391.59,98199.51,98272.31,82.508,BTC/USDT,15m
2025-01-05 00:30:00,98272.31,98343.9,98238.24,98254.75,53.97606,BTC/USDT,15m
2025-01-05 00:45:00,98254.75,98279.84,98200.36,98213.43,35.19497,BTC/USDT,15m
2025-01-05 01:00:00,98213.44,98298.56,98151.51,98282.07,53.75463,BTC/USDT,15m
2025-01-05 01:15:00,98282.07,98322.35,98213.61,98213.61,45.43956,BTC/USDT,15m
2025-01-05 01:30:00,98213.61,98213.62,98062.36,98150.53,89.61682,BTC/USDT,15m
2025-01-05 01:45:00,98150.53,98150.54,98050.0,98123.53,48.55146,BTC/USDT,15m
2025-01-05 02:00:00,98123.53,98198.05,98123.52,98189.05,41.70561,BTC/USDT,15m
2025-01-05 02:15:00,98189.06,98212.13,98154.32,98181.82,61.21923,BTC/USDT,15m
2025-01-05 02:30:00,98181.81,98181.82,98105.41,98154.34,43.79473,BTC/USDT,15m
2025-01-05 02:45:00,98154.33,98227.49,98154.33,98227.48,40.81722,BTC/USDT,15m
2025-01-05 03:00:00,98227.49,98227.49,98155.33,98177.54,25.78065,BTC/USDT,15m
2025-01-05 03:15:00,98177.55,98184.92,98115.3,98152.01,36.60152,BTC/USDT,15m
2025-01-05 03:30:00,98152.01,98178.04,98100.0,98100.0,43.2776,BTC/USDT,15m
2025-01-05 03:45:00,98100.0,98187.97,98069.0,98187.96,45.57798,BTC/USDT,15m
2025-01-05 04:00:00,98187.97,98380.0,98187.96,98266.86,100.91813,BTC/USDT,15m
2025-01-05 04:15:00,98266.85,98522.76,98252.0,98487.16,77.39842,BTC/USDT,15m
2025-01-05 04:30:00,98487.17,98487.17,98391.67,98391.67,41.20054,BTC/USDT,15m
2025-01-05 04:45:00,98391.68,98391.68,98348.15,98357.46,19.13968,BTC/USDT,15m
2025-01-05 05:00:00,98357.46,98381.05,98303.19,98318.63,38.18261,BTC/USDT,15m
2025-01-05 05:15:00,98318.63,98425.97,98264.78,98425.96,59.61775,BTC/USDT,15m
2025-01-05 05:30:00,98425.96,98500.0,98338.03,98374.55,66.72223,BTC/USDT,15m
2025-01-05 05:45:00,98374.56,98393.94,98305.03,98358.98,48.12739,BTC/USDT,15m
2025-01-05 06:00:00,98358.98,98358.98,98304.82,98311.99,25.39357,BTC/USDT,15m
2025-01-05 06:15:00,98311.99,98393.94,98311.98,98370.35,37.03855,BTC/USDT,15m
2025-01-05 06:30:00,98370.34,98400.0,98339.57,98388.58,27.53969,BTC/USDT,15m
2025-01-05 06:45:00,98388.58,98500.0,98367.38,98451.47,59.63949,BTC/USDT,15m
2025-01-05 07:00:00,98451.48,98464.84,98376.0,98376.01,45.87678,BTC/USDT,15m
2025-01-05 07:15:00,98376.01,98400.0,98339.97,98339.97,25.979,BTC/USDT,15m
2025-01-05 07:30:00,98339.98,98355.83,98328.88,98345.75,22.40522,BTC/USDT,15m
2025-01-05 07:45:00,98345.74,98345.75,98268.77,98268.77,24.05069,BTC/USDT,15m
2025-01-05 08:00:00,98268.77,98268.78,97908.02,97951.01,213.82709,BTC/USDT,15m
2025-01-05 08:15:00,97951.02,97951.02,97777.77,97897.1,178.60396,BTC/USDT,15m
2025-01-05 08:30:00,97897.11,97941.97,97838.66,97885.3,71.94966,BTC/USDT,15m
2025-01-05 08:45:00,97885.31,97911.36,97822.0,97861.04,47.35859,BTC/USDT,15m
2025-01-05 09:00:00,97861.04,97943.02,97814.72,97904.2,50.77941,BTC/USDT,15m
2025-01-05 09:15:00,97904.21,97940.0,97819.32,97819.33,45.96466,BTC/USDT,15m
2025-01-05 09:30:00,97819.32,97900.0,97800.0,97899.99,66.99016,BTC/USDT,15m
2025-01-05 09:45:00,97900.0,97910.74,97637.93,97652.2,177.40123,BTC/USDT,15m
2025-01-05 10:00:00,97652.21,97776.68,97600.0,97724.81,178.74936,BTC/USDT,15m
2025-01-05 10:15:00,97724.81,97756.48,97600.01,97600.02,57.10927,BTC/USDT,15m
2025-01-05 10:30:00,97600.02,97715.25,97600.01,97695.0,57.90312,BTC/USDT,15m
2025-01-05 10:45:00,97695.0,97748.84,97695.0,97737.48,38.02887,BTC/USDT,15m
2025-01-05 11:00:00,97737.48,97767.65,97685.53,97706.19,36.39173,BTC/USDT,15m
2025-01-05 11:15:00,97706.2,97822.16,97706.19,97727.27,54.58655,BTC/USDT,15m
2025-01-05 11:30:00,97727.27,97735.96,97625.94,97668.62,45.3411,BTC/USDT,15m
2025-01-05 11:45:00,97668.62,97668.62,97615.13,97641.63,50.39833,BTC/USDT,15m
2025-01-05 12:00:00,97641.62,97737.9,97569.04,97737.64,65.81102,BTC/USDT,15m
2025-01-05 12:15:00,97737.63,97922.89,97680.0,97717.27,97.9275,BTC/USDT,15m
2025-01-05 12:30:00,97717.26,97796.0,97673.67,97769.66,74.86727,BTC/USDT,15m
2025-01-05 12:45:00,97769.67,97956.66,97746.12,97770.01,77.86947,BTC/USDT,15m
2025-01-05 13:00:00,97770.01,97905.51,97737.2,97861.46,63.00663,BTC/USDT,15m
2025-01-05 13:15:00,97861.47,97965.31,97846.36,97965.3,56.24185,BTC/USDT,15m
2025-01-05 13:30:00,97965.3,98018.96,97876.0,97877.86,77.57424,BTC/USDT,15m
2025-01-05 13:45:00,97877.86,97877.86,97680.18,97689.96,85.12047,BTC/USDT,15m
2025-01-05 14:00:00,97689.96,97779.96,97600.0,97645.0,93.55147,BTC/USDT,15m
2025-01-05 14:15:00,97645.0,97645.01,97276.79,97484.97,446.46883,BTC/USDT,15m
2025-01-05 14:30:00,97484.97,97678.56,97372.99,97675.19,119.45905,BTC/USDT,15m
2025-01-05 14:45:00,97675.19,97967.08,97675.19,97855.06,117.17939,BTC/USDT,15m
2025-01-05 15:00:00,97855.06,98024.48,97820.63,97820.63,133.31939,BTC/USDT,15m
2025-01-05 15:15:00,97820.64,97909.1,97702.3,97908.1,74.0208,BTC/USDT,15m
2025-01-05 15:30:00,97908.1,98281.89,97908.1,98090.37,225.41483,BTC/USDT,15m
2025-01-05 15:45:00,98090.37,98167.51,98000.0,98028.98,59.47572,BTC/USDT,15m
2025-01-05 16:00:00,98028.98,98332.54,97988.88,98195.62,242.08021,BTC/USDT,15m
2025-01-05 16:15:00,98195.61,98235.79,98045.23,98082.34,73.20782,BTC/USDT,15m
2025-01-05 16:30:00,98082.34,98087.18,97937.82,97996.12,77.44616,BTC/USDT,15m
2025-01-05 16:45:00,97996.12,98113.29,97973.86,98035.17,61.82962,BTC/USDT,15m
2025-01-05 17:00:00,98035.17,98078.94,97989.5,98014.32,63.29081,BTC/USDT,15m
2025-01-05 17:15:00,98014.31,98014.32,97880.39,97967.99,98.23066,BTC/USDT,15m
2025-01-05 17:30:00,97968.0,98023.84,97808.49,97849.49,100.14991,BTC/USDT,15m
2025-01-05 17:45:00,97849.49,97849.49,97673.57,97731.08,96.98459,BTC/USDT,15m
2025-01-05 18:00:00,97731.09,97777.46,97577.46,97700.81,134.58792,BTC/USDT,15m
2025-01-05 18:15:00,97700.81,97752.18,97607.27,97706.91,82.80175,BTC/USDT,15m
2025-01-05 18:30:00,97706.91,97860.0,97695.58,97837.66,48.54934,BTC/USDT,15m
2025-01-05 18:45:00,97837.66,97927.98,97837.65,97918.91,35.35132,BTC/USDT,15m
2025-01-05 19:00:00,97918.91,98039.73,97854.99,98037.38,57.33928,BTC/USDT,15m
2025-01-05 19:15:00,98037.37,98109.0,97960.14,98056.22,114.62066,BTC/USDT,15m
2025-01-05 19:30:00,98056.22,98071.57,97975.24,98017.03,87.02843,BTC/USDT,15m
2025-01-05 19:45:00,98017.03,98079.64,97984.0,98079.63,47.86847,BTC/USDT,15m
2025-01-05 20:00:00,98079.64,98138.83,98024.0,98128.61,50.35334,BTC/USDT,15m
2025-01-05 20:15:00,98128.6,98678.0,98128.6,98482.49,420.18342,BTC/USDT,15m
2025-01-05 20:30:00,98482.49,98497.32,98331.67,98344.06,85.54402,BTC/USDT,15m
2025-01-05 20:45:00,98344.07,98354.74,98161.38,98275.71,124.38089,BTC/USDT,15m
2025-01-05 21:00:00,98275.71,98404.0,98216.58,98396.93,129.05286,BTC/USDT,15m
2025-01-05 21:15:00,98396.93,98419.94,98303.61,98303.61,84.70235,BTC/USDT,15m
2025-01-05 21:30:00,98303.62,98487.1,98283.29,98429.65,54.56426,BTC/USDT,15m
2025-01-05 21:45:00,98429.66,98522.46,98429.65,98496.52,59.46421,BTC/USDT,15m
2025-01-05 22:00:00,98496.52,98512.29,98344.0,98377.52,60.36195,BTC/USDT,15m
2025-01-05 22:15:00,98377.53,98556.3,98377.52,98550.18,54.40213,BTC/USDT,15m
2025-01-05 22:30:00,98550.17,98745.45,98537.35,98660.01,191.33023,BTC/USDT,15m
2025-01-05 22:45:00,98660.01,98738.6,98516.27,98695.21,101.75844,BTC/USDT,15m
2025-01-05 23:00:00,98695.21,98836.85,98523.83,98555.84,247.62938,BTC/USDT,15m
2025-01-05 23:15:00,98555.84,98592.0,98366.12,98475.09,96.7045,BTC/USDT,15m
2025-01-05 23:30:00,98475.09,98504.0,98410.59,98424.24,57.10982,BTC/USDT,15m
2025-01-05 23:45:00,98424.24,98479.85,98322.72,98363.61,68.23719,BTC/USDT,15m
2025-01-06 00:00:00,98363.61,98626.77,98363.61,98455.89,159.94725,BTC/USDT,15m
2025-01-06 00:15:00,98455.89,98773.48,98300.0,98477.68,126.26352,BTC/USDT,15m
2025-01-06 00:30:00,98477.68,98561.96,98315.26,98428.55,112.44535,BTC/USDT,15m
2025-01-06 00:45:00,98428.54,98454.42,98190.75,98217.23,95.57453,BTC/USDT,15m
2025-01-06 01:00:00,98217.23,98345.68,98033.8,98049.61,144.13274,BTC/USDT,15m
2025-01-06 01:15:00,98049.16,98139.49,97920.0,98121.23,117.72072,BTC/USDT,15m
2025-01-06 01:30:00,98121.24,98275.0,98116.0,98275.0,55.09669,BTC/USDT,15m
2025-01-06 01:45:00,98275.0,98816.28,98188.63,98759.43,250.42849,BTC/USDT,15m
2025-01-06 02:00:00,98759.42,99333.0,98691.28,99028.96,933.46792,BTC/USDT,15m
2025-01-06 02:15:00,99028.95,99028.95,98649.97,98757.01,266.23383,BTC/USDT,15m
2025-01-06 02:30:00,98757.01,99118.24,98670.27,98862.0,284.05769,BTC/USDT,15m
2025-01-06 02:45:00,98862.01,98987.99,98800.94,98815.39,129.66042,BTC/USDT,15m
2025-01-06 03:00:00,98815.39,99027.24,98759.55,98961.91,108.77289,BTC/USDT,15m
2025-01-06 03:15:00,98961.92,99124.24,98900.0,99099.09,218.4755,BTC/USDT,15m
2025-01-06 03:30:00,99099.09,99235.99,99074.49,99119.8,127.8433,BTC/USDT,15m
2025-01-06 03:45:00,99119.8,99127.83,99000.0,99037.57,67.10246,BTC/USDT,15m
2025-01-06 04:00:00,99037.57,99289.0,99037.57,99282.13,139.98484,BTC/USDT,15m
2025-01-06 04:15:00,99282.14,99444.0,99242.42,99250.0,174.8345,BTC/USDT,15m
2025-01-06 04:30:00,99250.0,99287.52,99184.98,99204.68,136.42256,BTC/USDT,15m
2025-01-06 04:45:00,99204.68,99500.88,99204.68,99466.09,194.2647,BTC/USDT,15m
2025-01-06 05:00:00,99466.09,99609.99,99400.0,99413.4,157.48651,BTC/USDT,15m
2025-01-06 05:15:00,99413.4,99666.0,99413.39,99660.12,174.54315,BTC/USDT,15m
2025-01-06 05:30:00,99660.13,99826.36,99617.16,99729.7,312.67005,BTC/USDT,15m
2025-01-06 05:45:00,99729.7,99892.0,99502.0,99600.0,294.68045,BTC/USDT,15m
2025-01-06 06:00:00,99600.0,99700.0,99474.32,99521.44,145.79028,BTC/USDT,15m
2025-01-06 06:15:00,99521.44,99636.37,99382.31,99484.83,258.82143,BTC/USDT,15m
2025-01-06 06:30:00,99484.84,99763.99,99440.64,99699.3,157.47684,BTC/USDT,15m
2025-01-06 06:45:00,99699.3,99721.66,99475.49,99512.21,241.76078,BTC/USDT,15m
2025-01-06 07:00:00,99512.21,99529.87,99292.15,99380.77,210.22797,BTC/USDT,15m
2025-01-06 07:15:00,99380.76,99382.5,99161.14,99322.68,157.63791,BTC/USDT,15m
2025-01-06 07:30:00,99322.67,99400.0,99240.24,99303.04,67.80437,BTC/USDT,15m
2025-01-06 07:45:00,99303.04,99423.68,99283.35,99318.7,120.22693,BTC/USDT,15m
2025-01-06 08:00:00,99318.7,99625.69,99318.7,99563.76,140.24887,BTC/USDT,15m
2025-01-06 08:15:00,99563.76,99563.77,99330.0,99395.09,96.27195,BTC/USDT,15m
2025-01-06 08:30:00,99395.08,99426.38,99000.0,99046.63,266.95383,BTC/USDT,15m
2025-01-06 08:45:00,99046.64,99233.79,99015.91,99043.49,170.85766,BTC/USDT,15m
2025-01-06 09:00:00,99043.49,99250.0,99020.0,99179.99,144.48155,BTC/USDT,15m
2025-01-06 09:15:00,99179.98,99179.99,99062.08,99114.26,96.23944,BTC/USDT,15m
2025-01-06 09:30:00,99114.26,99145.63,99035.58,99054.87,108.82643,BTC/USDT,15m
2025-01-06 09:45:00,99054.86,99107.31,98942.46,98999.99,97.84369,BTC/USDT,15m
2025-01-06 10:00:00,99000.0,99057.95,98802.01,98882.01,179.75159,BTC/USDT,15m
2025-01-06 10:15:00,98882.01,99026.45,98848.44,99010.43,128.69394,BTC/USDT,15m
2025-01-06 10:30:00,99010.42,99010.43,98766.79,98766.79,86.18986,BTC/USDT,15m
2025-01-06 10:45:00,98766.79,98851.39,98709.28,98767.96,131.23188,BTC/USDT,15m
2025-01-06 11:00:00,98767.96,99036.93,98712.0,99013.62,102.66124,BTC/USDT,15m
2025-01-06 11:15:00,99013.62,99312.0,98972.51,99248.69,326.53046,BTC/USDT,15m
2025-01-06 11:30:00,99248.69,99410.23,99165.43,99240.75,142.42108,BTC/USDT,15m
2025-01-06 11:45:00,99240.75,99324.84,99174.52,99259.99,96.25497,BTC/USDT,15m
2025-01-06 12:00:00,99259.99,99520.0,99259.99,99485.57,142.75479,BTC/USDT,15m
2025-01-06 12:15:00,99485.57,99713.13,99416.0,99572.49,201.87149,BTC/USDT,15m
2025-01-06 12:30:00,99572.49,99572.5,99454.54,99539.01,112.98174,BTC/USDT,15m
2025-01-06 12:45:00,99539.01,99545.46,99142.43,99157.12,166.53607,BTC/USDT,15m
2025-01-06 13:00:00,99157.12,99236.1,99000.36,99044.49,145.01097,BTC/USDT,15m
2025-01-06 13:15:00,99044.49,99363.6,98909.82,99320.03,231.82877,BTC/USDT,15m
2025-01-06 13:30:00,99320.03,99389.54,99137.47,99282.82,112.15346,BTC/USDT,15m
2025-01-06 13:45:00,99282.82,99575.85,99202.32,99492.51,142.23153,BTC/USDT,15m
2025-01-06 14:00:00,99492.5,99600.0,99221.16,99277.36,200.25078,BTC/USDT,15m
2025-01-06 14:15:00,99277.36,99318.52,98711.94,99055.01,448.97078,BTC/USDT,15m
2025-01-06 14:30:00,99055.0,99677.0,98870.55,99527.81,673.54972,BTC/USDT,15m
2025-01-06 14:45:00,99527.81,101295.23,99527.81,100737.03,2165.11409,BTC/USDT,15m
2025-01-06 15:00:00,100737.03,101281.9,100481.99,101253.83,1143.35989,BTC/USDT,15m
2025-01-06 15:15:00,101253.84,101700.62,100991.41,101678.1,878.86769,BTC/USDT,15m
2025-01-06 15:30:00,101678.11,101977.08,101636.36,101969.51,809.61512,BTC/USDT,15m
2025-01-06 15:45:00,101969.51,102468.92,101857.36,102147.95,833.12669,BTC/USDT,15m
2025-01-06 16:00:00,102147.95,102465.6,101973.11,102198.37,748.98551,BTC/USDT,15m
2025-01-06 16:15:00,102198.38,102480.0,102111.05,102440.02,382.7837,BTC/USDT,15m
2025-01-06 16:30:00,102440.01,102469.35,101867.04,101883.16,440.50384,BTC/USDT,15m
2025-01-06 16:45:00,101883.16,102300.0,101719.59,102158.67,573.31711,BTC/USDT,15m
2025-01-06 17:00:00,102158.67,102158.68,101859.18,101900.01,409.94484,BTC/USDT,15m
2025-01-06 17:15:00,101900.01,102040.79,101717.44,101830.53,302.68893,BTC/USDT,15m
2025-01-06 17:30:00,101830.54,101983.19,101250.0,101414.7,545.93273,BTC/USDT,15m
2025-01-06 17:45:00,101414.7,101851.81,101315.8,101831.95,258.48563,BTC/USDT,15m
2025-01-06 18:00:00,101831.95,101945.77,101578.12,101945.76,212.30599,BTC/USDT,15m
2025-01-06 18:15:00,101945.76,102029.02,101862.27,101933.84,266.49389,BTC/USDT,15m
2025-01-06 18:30:00,101933.84,102053.61,101849.62,101954.15,151.26093,BTC/USDT,15m
2025-01-06 18:45:00,101954.15,101998.56,101671.39,101738.8,204.24479,BTC/USDT,15m
2025-01-06 19:00:00,101738.81,101939.4,101639.6,101921.58,175.75561,BTC/USDT,15m
2025-01-06 19:15:00,101921.57,102032.0,101843.76,101892.96,169.9204,BTC/USDT,15m
2025-01-06 19:30:00,101892.96,102009.79,101754.01,102009.78,147.65061,BTC/USDT,15m
2025-01-06 19:45:00,102009.79,102030.3,101737.5,101817.22,137.85352,BTC/USDT,15m
2025-01-06 20:00:00,101817.22,102181.82,101804.0,102181.82,301.95736,BTC/USDT,15m
2025-01-06 20:15:00,102181.82,102318.5,102052.53,102114.94,242.56247,BTC/USDT,15m
2025-01-06 20:30:00,102114.94,102235.0,101961.67,102018.52,318.52822,BTC/USDT,15m
2025-01-06 20:45:00,102018.53,102300.0,101800.0,102127.38,595.49578,BTC/USDT,15m
2025-01-06 21:00:00,102126.9,102329.98,101999.41,102039.68,350.91216,BTC/USDT,15m
2025-01-06 21:15:00,102039.69,102183.59,101950.0,102060.6,311.65936,BTC/USDT,15m
2025-01-06 21:30:00,102060.61,102070.32,101737.5,101769.08,180.71597,BTC/USDT,15m
2025-01-06 21:45:00,101769.09,101864.0,101600.05,101611.92,166.91041,BTC/USDT,15m
2025-01-06 22:00:00,101611.92,101752.0,101600.06,101711.59,115.23842,BTC/USDT,15m
2025-01-06 22:15:00,101711.6,101970.0,101711.59,101928.58,104.22534,BTC/USDT,15m
2025-01-06 22:30:00,101928.58,102084.13,101928.58,101975.52,71.33771,BTC/USDT,15m
2025-01-06 22:45:00,101975.51,102077.52,101975.51,102011.98,74.35609,BTC/USDT,15m
2025-01-06 23:00:00,102011.98,102176.87,101896.87,102000.0,150.32754,BTC/USDT,15m
2025-01-06 23:15:00,102000.0,102142.44,101998.15,102082.76,130.52189,BTC/USDT,15m
2025-01-06 23:30:00,102082.76,102199.99,101980.02,102179.25,77.53003,BTC/USDT,15m
2025-01-06 23:45:00,102179.26,102239.58,102157.35,102235.6,77.48838,BTC/USDT,15m
2025-01-07 00:00:00,102235.6,102255.0,101972.5,102031.96,171.7048,BTC/USDT,15m
2025-01-07 00:15:00,102031.96,102423.57,101950.0,102380.85,182.66259,BTC/USDT,15m
2025-01-07 00:30:00,102380.85,102724.38,102012.97,102056.5,465.2181,BTC/USDT,15m
2025-01-07 00:45:00,102056.5,102212.13,101969.8,102042.46,160.78529,BTC/USDT,15m
2025-01-07 01:00:00,102042.47,102071.9,101790.62,101818.18,191.46517,BTC/USDT,15m
2025-01-07 01:15:00,101818.18,101909.02,101684.95,101685.27,110.87621,BTC/USDT,15m
2025-01-07 01:30:00,101685.27,101984.01,101685.26,101973.79,175.67852,BTC/USDT,15m
2025-01-07 01:45:00,101973.8,102026.6,101841.83,101915.66,80.28599,BTC/USDT,15m
2025-01-07 02:00:00,101915.66,102018.98,101896.87,101960.06,83.60131,BTC/USDT,15m
2025-01-07 02:15:00,101960.05,102013.74,101848.49,101848.49,95.39312,BTC/USDT,15m
2025-01-07 02:30:00,101848.5,101876.27,101793.54,101815.73,79.65758,BTC/USDT,15m
2025-01-07 02:45:00,101815.73,101841.28,101651.67,101677.66,133.75721,BTC/USDT,15m
2025-01-07 03:00:00,101677.66,101818.19,101657.82,101666.73,142.55798,BTC/USDT,15m
2025-01-07 03:15:00,101666.73,101714.37,101637.0,101655.51,80.90431,BTC/USDT,15m
2025-01-07 03:30:00,101655.51,101798.42,101625.0,101625.01,86.95275,BTC/USDT,15m
2025-01-07 03:45:00,101625.01,101729.53,101512.91,101708.08,115.91445,BTC/USDT,15m
2025-01-07 04:00:00,101708.09,101854.86,101708.08,101854.86,64.85459,BTC/USDT,15m
2025-01-07 04:15:00,101854.85,101878.79,101794.15,101878.78,76.13149,BTC/USDT,15m
2025-01-07 04:30:00,101878.79,101925.77,101780.35,101780.4,74.04046,BTC/USDT,15m
2025-01-07 04:45:00,101780.41,101812.0,101667.01,101667.02,74.07302,BTC/USDT,15m
2025-01-07 05:00:00,101667.02,101775.71,101582.79,101704.53,88.69474,BTC/USDT,15m
2025-01-07 05:15:00,101704.53,101786.07,101606.11,101718.53,87.97744,BTC/USDT,15m
2025-01-07 05:30:00,101718.53,101740.0,101629.06,101642.35,96.91802,BTC/USDT,15m
2025-01-07 05:45:00,101642.35,101749.15,101634.75,101743.47,67.99809,BTC/USDT,15m
2025-01-07 06:00:00,101743.47,101743.47,101648.56,101738.95,94.76533,BTC/USDT,15m
2025-01-07 06:15:00,101738.96,101894.47,101738.96,101832.89,74.06889,BTC/USDT,15m
2025-01-07 06:30:00,101832.9,101858.2,101780.2,101840.78,82.5656,BTC/USDT,15m
2025-01-07 06:45:00,101840.78,101840.79,101783.43,101820.53,84.6024,BTC/USDT,15m
2025-01-07 07:00:00,101820.53,102015.01,101803.44,101868.0,124.58026,BTC/USDT,15m
2025-01-07 07:15:00,101868.01,101868.01,101771.65,101773.95,60.52842,BTC/USDT,15m
2025-01-07 07:30:00,101773.94,101801.6,101660.8,101748.71,176.06892,BTC/USDT,15m
2025-01-07 07:45:00,101748.72,101748.72,101640.47,101664.81,164.90032,BTC/USDT,15m
2025-01-07 08:00:00,101664.81,101738.26,101626.0,101636.37,134.10219,BTC/USDT,15m
2025-01-07 08:15:00,101636.37,101812.29,101618.04,101789.6,114.42748,BTC/USDT,15m
2025-01-07 08:30:00,101789.61,101895.73,101783.13,101875.25,91.99719,BTC/USDT,15m
2025-01-07 08:45:00,101875.26,101995.64,101840.42,101905.08,115.09488,BTC/USDT,15m
2025-01-07 09:00:00,101905.08,101914.11,101812.86,101850.0,53.6453,BTC/USDT,15m
2025-01-07 09:15:00,101850.01,101850.01,101736.29,101765.07,113.99822,BTC/USDT,15m
2025-01-07 09:30:00,101765.06,101765.07,101649.94,101661.16,197.80763,BTC/USDT,15m
2025-01-07 09:45:00,101661.16,101769.93,101632.06,101723.19,124.95158,BTC/USDT,15m
2025-01-07 10:00:00,101723.18,101723.19,101418.75,101436.02,332.77975,BTC/USDT,15m
2025-01-07 10:15:00,101436.01,101553.55,101379.45,101529.89,169.76691,BTC/USDT,15m
2025-01-07 10:30:00,101529.88,101573.94,101445.46,101496.72,121.13565,BTC/USDT,15m
2025-01-07 10:45:00,101496.71,101496.71,101391.17,101406.78,92.68666,BTC/USDT,15m
2025-01-07 11:00:00,101406.78,101452.99,101300.0,101383.95,168.73149,BTC/USDT,15m
2025-01-07 11:15:00,101383.94,101453.0,101300.0,101364.55,144.67262,BTC/USDT,15m
2025-01-07 11:30:00,101364.54,101364.55,100619.16,100666.66,761.43319,BTC/USDT,15m
2025-01-07 11:45:00,100666.67,100917.92,100472.45,100830.86,497.64458,BTC/USDT,15m
2025-01-07 12:00:00,100830.86,100956.99,100718.09,100718.09,270.07902,BTC/USDT,15m
2025-01-07 12:15:00,100718.09,100820.17,100628.43,100635.12,169.81078,BTC/USDT,15m
2025-01-07 12:30:00,100635.12,100891.0,100633.61,100854.5,161.83886,BTC/USDT,15m
2025-01-07 12:45:00,100854.49,100919.23,100730.0,100750.89,123.36599,BTC/USDT,15m
2025-01-07 13:00:00,100750.88,100847.01,100700.0,100752.46,135.60721,BTC/USDT,15m
2025-01-07 13:15:00,100752.86,100944.26,100672.53,100939.29,224.88639,BTC/USDT,15m
2025-01-07 13:30:00,100939.28,100960.06,100615.63,100713.91,245.86884,BTC/USDT,15m
2025-01-07 13:45:00,100713.92,100795.44,100622.77,100636.8,137.68385,BTC/USDT,15m
2025-01-07 14:00:00,100636.8,100816.47,100576.0,100576.01,150.31068,BTC/USDT,15m
2025-01-07 14:15:00,100576.01,100862.91,100508.19,100759.69,184.06416,BTC/USDT,15m
2025-01-07 14:30:00,100759.68,100849.99,100207.76,100716.61,832.63474,BTC/USDT,15m
2025-01-07 14:45:00,100716.61,100818.97,99732.0,99979.69,1323.74761,BTC/USDT,15m
2025-01-07 15:00:00,99979.69,100142.99,98400.48,98592.43,3371.7842,BTC/USDT,15m
2025-01-07 15:15:00,98592.43,98827.84,98113.8,98457.16,1793.9377,BTC/USDT,15m
2025-01-07 15:30:00,98457.16,98546.55,97513.51,97568.37,2071.65136,BTC/USDT,15m
2025-01-07 15:45:00,97568.36,98300.64,97153.5,97952.26,1454.75606,BTC/USDT,15m
2025-01-07 16:00:00,97952.26,98132.0,97586.41,97831.69,1035.15712,BTC/USDT,15m
2025-01-07 16:15:00,97831.69,98096.93,97700.0,98013.38,449.37593,BTC/USDT,15m
2025-01-07 16:30:00,98013.37,98347.81,97800.0,98200.0,519.38696,BTC/USDT,15m
2025-01-07 16:45:00,98200.0,98212.13,97727.62,97733.58,398.86329,BTC/USDT,15m
2025-01-07 17:00:00,97733.58,97806.03,97326.53,97385.44,478.56689,BTC/USDT,15m
2025-01-07 17:15:00,97385.44,97563.39,97225.0,97320.81,379.19199,BTC/USDT,15m
2025-01-07 17:30:00,97320.8,97571.15,96800.01,97229.98,747.18454,BTC/USDT,15m
2025-01-07 17:45:00,97229.98,97380.0,96577.0,97277.31,779.96132,BTC/USDT,15m
2025-01-07 18:00:00,97277.32,97541.6,97205.16,97398.99,375.92099,BTC/USDT,15m
2025-01-07 18:15:00,97399.07,97407.04,97013.5,97061.84,342.53677,BTC/USDT,15m
2025-01-07 18:30:00,97061.84,97127.75,96708.68,96864.62,477.45012,BTC/USDT,15m
2025-01-07 18:45:00,96864.8,96939.4,96600.0,96750.86,355.25081,BTC/USDT,15m
2025-01-07 19:00:00,96750.86,97178.91,96708.77,97165.6,283.93333,BTC/USDT,15m
2025-01-07 19:15:00,97165.13,97200.01,96718.81,96862.16,312.89428,BTC/USDT,15m
2025-01-07 19:30:00,96862.16,96866.81,96323.67,96687.64,532.04526,BTC/USDT,15m
2025-01-07 19:45:00,96687.65,96816.78,96376.61,96451.98,353.19745,BTC/USDT,15m
2025-01-07 20:00:00,96451.99,96715.18,96247.06,96460.43,466.7445,BTC/USDT,15m
2025-01-07 20:15:00,96460.43,96550.67,96181.81,96272.74,325.0953,BTC/USDT,15m
2025-01-07 20:30:00,96272.74,96610.62,96191.53,96245.62,457.89723,BTC/USDT,15m
2025-01-07 20:45:00,96246.03,96870.52,96224.3,96533.35,570.7333,BTC/USDT,15m
2025-01-07 21:00:00,96533.34,96893.28,96509.21,96882.62,365.22287,BTC/USDT,15m
2025-01-07 21:15:00,96883.06,97028.08,96856.6,96920.01,213.39229,BTC/USDT,15m
2025-01-07 21:30:00,96920.01,97094.19,96400.0,96659.1,284.39004,BTC/USDT,15m
2025-01-07 21:45:00,96659.11,96764.68,96468.0,96501.22,298.94488,BTC/USDT,15m
2025-01-07 22:00:00,96501.23,96980.39,96412.0,96900.0,258.43957,BTC/USDT,15m
2025-01-07 22:15:00,96900.01,97000.0,96785.16,96921.0,123.66625,BTC/USDT,15m
2025-01-07 22:30:00,96921.0,97220.76,96842.03,97119.6,193.27117,BTC/USDT,15m
2025-01-07 22:45:00,97119.6,97172.96,96968.04,97164.0,133.33272,BTC/USDT,15m
2025-01-07 23:00:00,97163.99,97163.99,96833.56,96886.06,230.33725,BTC/USDT,15m
2025-01-07 23:15:00,96886.07,97169.65,96800.8,97066.89,214.06822,BTC/USDT,15m
2025-01-07 23:30:00,97066.9,97167.43,96957.0,96957.01,191.03705,BTC/USDT,15m
2025-01-07 23:45:00,96957.01,96981.0,96857.64,96954.61,175.29954,BTC/USDT,15m
2025-01-08 00:00:00,96954.6,97039.99,96707.77,97014.24,201.68905,BTC/USDT,15m
2025-01-08 00:15:00,97014.25,97127.97,96909.09,96928.42,179.07134,BTC/USDT,15m
2025-01-08 00:30:00,96928.42,97209.55,96770.95,97209.55,176.55874,BTC/USDT,15m
2025-01-08 00:45:00,97209.54,97268.65,97024.5,97268.49,260.50337,BTC/USDT,15m
2025-01-08 01:00:00,97268.49,97268.5,96937.67,96937.68,149.24181,BTC/USDT,15m
2025-01-08 01:15:00,96937.68,97119.18,96892.31,96978.44,124.14879,BTC/USDT,15m
2025-01-08 01:30:00,96978.44,97090.91,96764.94,96824.22,192.52293,BTC/USDT,15m
2025-01-08 01:45:00,96824.22,96919.82,96608.14,96907.15,285.13351,BTC/USDT,15m
2025-01-08 02:00:00,96907.16,97099.09,96778.57,96988.5,231.01613,BTC/USDT,15m
2025-01-08 02:15:00,96988.5,97181.82,96956.22,96979.6,186.7578,BTC/USDT,15m
2025-01-08 02:30:00,96979.59,97176.11,96979.59,97037.39,170.80717,BTC/USDT,15m
2025-01-08 02:45:00,97037.39,97037.4,96878.14,96878.14,88.68326,BTC/USDT,15m
2025-01-08 03:00:00,96878.14,96878.14,96443.88,96639.2,458.45459,BTC/USDT,15m
2025-01-08 03:15:00,96639.19,96837.56,96552.73,96612.25,190.34839,BTC/USDT,15m
2025-01-08 03:30:00,96612.26,96800.0,96312.86,96484.84,215.5264,BTC/USDT,15m
2025-01-08 03:45:00,96484.85,96561.17,96216.83,96525.2,393.38939,BTC/USDT,15m
2025-01-08 04:00:00,96525.2,96634.58,96402.01,96524.25,270.04926,BTC/USDT,15m
2025-01-08 04:15:00,96524.25,96535.25,96200.4,96500.01,288.53365,BTC/USDT,15m
2025-01-08 04:30:00,96500.01,96510.17,96200.4,96283.11,173.31365,BTC/USDT,15m
2025-01-08 04:45:00,96283.11,96382.07,96057.48,96274.81,373.21615,BTC/USDT,15m
2025-01-08 05:00:00,96274.8,96389.55,96102.94,96327.05,188.11967,BTC/USDT,15m
2025-01-08 05:15:00,96327.06,96631.85,96303.04,96620.89,244.15954,BTC/USDT,15m
2025-01-08 05:30:00,96620.9,96654.61,96545.45,96582.55,115.17834,BTC/USDT,15m
2025-01-08 05:45:00,96582.55,96636.37,96375.76,96492.01,158.40311,BTC/USDT,15m
2025-01-08 06:00:00,96492.01,96636.37,96485.77,96537.61,130.29293,BTC/USDT,15m
2025-01-08 06:15:00,96537.62,96557.12,96204.9,96204.91,190.21261,BTC/USDT,15m
2025-01-08 06:30:00,96204.91,96206.93,95590.0,95773.99,867.25295,BTC/USDT,15m
2025-01-08 06:45:00,95774.0,95835.57,95259.3,95284.31,683.0304,BTC/USDT,15m
2025-01-08 07:00:00,95284.31,95706.58,95250.76,95702.79,431.69376,BTC/USDT,15m
2025-01-08 07:15:00,95702.79,95702.8,95340.0,95481.5,280.6622,BTC/USDT,15m
2025-01-08 07:30:00,95481.5,95588.88,95374.37,95582.9,276.02518,BTC/USDT,15m
2025-01-08 07:45:00,95582.9,95815.52,95558.67,95657.09,338.12873,BTC/USDT,15m
2025-01-08 08:00:00,95657.09,95766.97,95528.56,95695.72,248.10962,BTC/USDT,15m
2025-01-08 08:15:00,95695.71,95976.77,95628.4,95838.06,294.0764,BTC/USDT,15m
2025-01-08 08:30:00,95838.07,96132.47,95803.47,96109.35,217.53903,BTC/USDT,15m
2025-01-08 08:45:00,96109.35,96119.12,95937.18,95945.99,157.87387,BTC/USDT,15m
2025-01-08 09:00:00,95946.0,96078.04,95907.8,95992.7,114.49393,BTC/USDT,15m
2025-01-08 09:15:00,95992.71,96098.1,95906.63,95912.72,158.68939,BTC/USDT,15m
2025-01-08 09:30:00,95912.72,95919.46,95700.0,95799.51,170.33741,BTC/USDT,15m
2025-01-08 09:45:00,95799.51,95809.9,95412.0,95432.82,169.70331,BTC/USDT,15m
2025-01-08 10:00:00,95432.83,95696.29,95432.43,95556.42,149.57744,BTC/USDT,15m
2025-01-08 10:15:00,95556.42,95879.94,95465.73,95862.26,221.64329,BTC/USDT,15m
2025-01-08 10:30:00,95862.27,95880.59,95690.0,95743.26,164.5715,BTC/USDT,15m
2025-01-08 10:45:00,95743.26,96000.0,95687.24,95961.02,177.80918,BTC/USDT,15m
2025-01-08 11:00:00,95961.03,96052.0,95711.25,95741.26,171.12773,BTC/USDT,15m
2025-01-08 11:15:00,95741.27,95813.58,95508.0,95555.3,125.93414,BTC/USDT,15m
2025-01-08 11:30:00,95555.31,95587.39,94543.86,94783.99,1178.63202,BTC/USDT,15m
2025-01-08 11:45:00,94784.0,95216.65,94754.56,95134.92,359.94605,BTC/USDT,15m
2025-01-08 12:00:00,95134.92,95376.56,94957.23,95191.58,296.03521,BTC/USDT,15m
2025-01-08 12:15:00,95191.58,95238.52,94944.0,95117.81,245.74045,BTC/USDT,15m
2025-01-08 12:30:00,95117.56,95347.38,94852.23,95170.31,271.83899,BTC/USDT,15m
2025-01-08 12:45:00,95170.31,95211.91,94876.47,94888.01,234.74636,BTC/USDT,15m
2025-01-08 13:00:00,94888.01,95538.46,94888.0,95325.46,399.90624,BTC/USDT,15m
2025-01-08 13:15:00,95325.46,95679.69,95258.48,95561.77,354.65769,BTC/USDT,15m
2025-01-08 13:30:00,95561.76,95659.98,95235.78,95346.72,332.45706,BTC/USDT,15m
2025-01-08 13:45:00,95346.72,95431.54,95147.43,95384.0,190.76587,BTC/USDT,15m
2025-01-08 14:00:00,95384.01,95685.18,95202.77,95290.25,406.70319,BTC/USDT,15m
2025-01-08 14:15:00,95290.24,95540.66,95250.01,95439.08,229.85919,BTC/USDT,15m
2025-01-08 14:30:00,95439.07,95865.71,95017.28,95356.59,810.83131,BTC/USDT,15m
2025-01-08 14:45:00,95356.59,95500.0,94888.88,95288.01,684.1333,BTC/USDT,15m
2025-01-08 15:00:00,95288.0,96079.32,95133.61,95154.56,1042.16851,BTC/USDT,15m
2025-01-08 15:15:00,95154.56,95421.18,94710.0,94797.37,739.46487,BTC/USDT,15m
2025-01-08 15:30:00,94797.38,95258.33,94624.43,94995.64,519.81437,BTC/USDT,15m
2025-01-08 15:45:00,94995.64,95523.02,94941.22,95493.77,764.98902,BTC/USDT,15m
2025-01-08 16:00:00,95493.77,95555.25,94860.01,95013.43,446.18853,BTC/USDT,15m
2025-01-08 16:15:00,95013.43,95263.2,94852.94,94886.24,277.98104,BTC/USDT,15m
2025-01-08 16:30:00,94886.23,95149.61,94713.91,94804.46,442.02691,BTC/USDT,15m
2025-01-08 16:45:00,94804.46,94876.99,94556.21,94787.87,378.9894,BTC/USDT,15m
2025-01-08 17:00:00,94787.87,94847.99,93828.08,93859.53,1450.32374,BTC/USDT,15m
2025-01-08 17:15:00,93859.54,94075.75,92899.02,93016.38,1535.10381,BTC/USDT,15m
2025-01-08 17:30:00,93016.38,93768.5,92500.9,93619.51,1635.66944,BTC/USDT,15m
2025-01-08 17:45:00,93619.79,94132.94,93428.0,94030.82,674.90437,BTC/USDT,15m
2025-01-08 18:00:00,94030.81,94601.27,93977.0,94387.37,792.45118,BTC/USDT,15m
2025-01-08 18:15:00,94387.38,95106.33,94350.01,94921.4,451.33414,BTC/USDT,15m
2025-01-08 18:30:00,94921.4,94933.04,94342.67,94389.36,322.30757,BTC/USDT,15m
2025-01-08 18:45:00,94389.36,94389.36,93753.99,94242.61,524.83155,BTC/USDT,15m
2025-01-08 19:00:00,94242.62,94790.71,94059.33,94293.6,510.89812,BTC/USDT,15m
2025-01-08 19:15:00,94293.59,94859.54,94291.27,94752.0,296.10046,BTC/USDT,15m
2025-01-08 19:30:00,94752.0,94752.0,94053.82,94174.26,311.62027,BTC/USDT,15m
2025-01-08 19:45:00,94174.25,94472.21,94100.0,94243.89,212.65229,BTC/USDT,15m
2025-01-08 20:00:00,94243.89,94404.0,93800.0,93800.0,290.16707,BTC/USDT,15m
2025-01-08 20:15:00,93800.0,94107.16,93755.48,94012.5,317.78387,BTC/USDT,15m
2025-01-08 20:30:00,94012.49,94238.74,93968.19,94201.03,194.6738,BTC/USDT,15m
2025-01-08 20:45:00,94201.04,94277.38,93868.92,93980.0,247.80237,BTC/USDT,15m
2025-01-08 21:00:00,93982.01,94149.99,93750.0,93813.47,229.59249,BTC/USDT,15m
2025-01-08 21:15:00,93813.46,94317.04,93600.0,94180.46,256.18915,BTC/USDT,15m
2025-01-08 21:30:00,94180.46,94596.0,94107.8,94498.83,294.46637,BTC/USDT,15m
2025-01-08 21:45:00,94498.84,94573.3,94339.52,94468.97,173.35969,BTC/USDT,15m
2025-01-08 22:00:00,94468.97,94939.4,94460.86,94759.29,249.20992,BTC/USDT,15m
2025-01-08 22:15:00,94759.3,94921.78,94586.09,94785.75,120.4057,BTC/USDT,15m
2025-01-08 22:30:00,94785.75,95261.81,94723.68,95259.58,217.84747,BTC/USDT,15m
2025-01-08 22:45:00,95259.57,95290.99,94902.22,95290.93,156.18437,BTC/USDT,15m
2025-01-08 23:00:00,95290.93,95310.94,94950.0,95012.0,199.23596,BTC/USDT,15m
2025-01-08 23:15:00,95012.0,95063.33,94950.64,95028.47,108.71057,BTC/USDT,15m
2025-01-08 23:30:00,95028.47,95121.38,94900.0,95117.23,108.50648,BTC/USDT,15m
2025-01-08 23:45:00,95117.23,95239.99,95003.69,95060.61,160.8601,BTC/USDT,15m
2025-01-09 00:00:00,95060.61,95060.61,94900.26,94949.18,131.97746,BTC/USDT,15m
2025-01-09 00:15:00,94949.17,95077.09,94809.07,94880.0,110.06315,BTC/USDT,15m
2025-01-09 00:30:00,94880.0,95000.0,94823.52,95000.0,187.59375,BTC/USDT,15m
2025-01-09 00:45:00,95000.0,95150.0,94979.98,95135.3,122.52783,BTC/USDT,15m
2025-01-09 01:00:00,95135.3,95227.5,94973.78,95133.37,187.09202,BTC/USDT,15m
2025-01-09 01:15:00,95133.37,95382.32,95133.37,95261.84,157.10847,BTC/USDT,15m
2025-01-09 01:30:00,95261.83,95261.84,95078.42,95111.01,143.77607,BTC/USDT,15m
2025-01-09 01:45:00,95111.01,95111.01,94966.66,94983.82,108.78522,BTC/USDT,15m
2025-01-09 02:00:00,94983.82,95030.31,93422.89,94079.21,1746.98412,BTC/USDT,15m
2025-01-09 02:15:00,94079.21,94679.69,94057.79,94484.36,841.43426,BTC/USDT,15m
2025-01-09 02:30:00,94484.36,94805.57,94263.15,94805.56,429.2449,BTC/USDT,15m
2025-01-09 02:45:00,94805.56,94878.52,94653.0,94776.99,201.55347,BTC/USDT,15m
2025-01-09 03:00:00,94777.0,94800.69,94256.44,94363.65,399.751,BTC/USDT,15m
2025-01-09 03:15:00,94363.65,94528.0,94312.0,94356.5,303.57503,BTC/USDT,15m
2025-01-09 03:30:00,94356.5,94366.99,94168.02,94180.24,182.19088,BTC/USDT,15m
2025-01-09 03:45:00,94180.23,94249.99,94017.93,94027.9,166.02745,BTC/USDT,15m
2025-01-09 04:00:00,94027.91,94141.52,93851.0,93851.01,142.83309,BTC/USDT,15m
2025-01-09 04:15:00,93851.01,94198.36,93796.99,94170.93,287.13847,BTC/USDT,15m
2025-01-09 04:30:00,94170.93,94388.64,94129.99,94335.51,150.4333,BTC/USDT,15m
2025-01-09 04:45:00,94335.51,94487.74,94266.15,94424.24,105.74319,BTC/USDT,15m
2025-01-09 05:00:00,94424.24,94454.55,94280.65,94358.84,126.62373,BTC/USDT,15m
2025-01-09 05:15:00,94358.83,94537.98,94312.0,94492.01,77.35453,BTC/USDT,15m
2025-01-09 05:30:00,94492.01,94536.0,94405.5,94426.56,68.81668,BTC/USDT,15m
2025-01-09 05:45:00,94426.57,94566.64,94371.06,94472.58,75.1387,BTC/USDT,15m
2025-01-09 06:00:00,94472.59,94515.16,94277.16,94475.52,137.2767,BTC/USDT,15m
2025-01-09 06:15:00,94475.52,94618.63,94337.19,94393.13,134.01987,BTC/USDT,15m
2025-01-09 06:30:00,94393.14,94438.94,94218.86,94273.33,116.27941,BTC/USDT,15m
2025-01-09 06:45:00,94273.32,94359.91,94048.07,94095.03,128.06623,BTC/USDT,15m
2025-01-09 07:00:00,94095.04,94299.22,94054.75,94116.13,104.64856,BTC/USDT,15m
2025-01-09 07:15:00,94116.13,94154.38,93741.26,93741.26,303.12252,BTC/USDT,15m
2025-01-09 07:30:00,93741.26,93800.0,93299.34,93621.66,461.6139,BTC/USDT,15m
2025-01-09 07:45:00,93621.66,93705.19,93186.38,93221.59,405.21126,BTC/USDT,15m
2025-01-09 08:00:00,93221.59,93312.44,92839.3,92926.58,758.46378,BTC/USDT,15m
2025-01-09 08:15:00,92924.26,93177.22,92800.0,92990.0,301.80845,BTC/USDT,15m
2025-01-09 08:30:00,92990.01,93400.98,92750.0,93390.96,523.31056,BTC/USDT,15m
2025-01-09 08:45:00,93390.95,93390.95,92804.0,93030.87,313.60607,BTC/USDT,15m
2025-01-09 09:00:00,93030.88,93387.88,92970.96,93318.25,289.63903,BTC/USDT,15m
2025-01-09 09:15:00,93318.25,93597.3,93318.25,93490.7,231.21595,BTC/USDT,15m
2025-01-09 09:30:00,93490.69,93787.75,93432.5,93606.06,375.31695,BTC/USDT,15m
2025-01-09 09:45:00,93606.05,93640.0,93464.94,93516.62,115.93132,BTC/USDT,15m
2025-01-09 10:00:00,93516.63,93660.0,93500.0,93640.16,145.60821,BTC/USDT,15m
2025-01-09 10:15:00,93640.17,93640.17,93202.6,93300.76,289.95596,BTC/USDT,15m
2025-01-09 10:30:00,93300.76,93375.79,93016.55,93223.75,333.27833,BTC/USDT,15m
2025-01-09 10:45:00,93223.75,93470.0,93105.85,93462.43,189.45611,BTC/USDT,15m
2025-01-09 11:00:00,93462.43,93619.69,93312.52,93579.3,188.30841,BTC/USDT,15m
2025-01-09 11:15:00,93579.3,93877.46,93552.97,93720.01,155.90826,BTC/USDT,15m
2025-01-09 11:30:00,93720.01,93764.83,93224.0,93412.42,240.05506,BTC/USDT,15m
2025-01-09 11:45:00,93412.42,93591.16,93350.23,93465.23,122.52417,BTC/USDT,15m
2025-01-09 12:00:00,93465.23,93575.76,93284.45,93527.27,148.82954,BTC/USDT,15m
2025-01-09 12:15:00,93527.28,93696.97,93440.15,93620.0,167.89463,BTC/USDT,15m
2025-01-09 12:30:00,93620.01,93679.58,93304.44,93347.06,195.46147,BTC/USDT,15m
2025-01-09 12:45:00,93347.07,93443.39,93155.25,93421.94,198.19604,BTC/USDT,15m
2025-01-09 13:00:00,93421.94,93486.19,93085.15,93085.15,214.71849,BTC/USDT,15m
2025-01-09 13:15:00,93085.15,93238.87,92684.02,92872.01,606.4988,BTC/USDT,15m
2025-01-09 13:30:00,92872.02,92918.83,92100.0,92334.27,1428.16743,BTC/USDT,15m
2025-01-09 13:45:00,92334.27,92405.69,91900.12,91986.42,1225.05088,BTC/USDT,15m
2025-01-09 14:00:00,91986.41,92560.0,91800.0,92399.96,987.98981,BTC/USDT,15m
2025-01-09 14:15:00,92399.96,92741.15,92210.54,92440.96,511.41726,BTC/USDT,15m
2025-01-09 14:30:00,92440.95,92737.0,92099.47,92216.29,395.88525,BTC/USDT,15m
2025-01-09 14:45:00,92216.29,92900.0,92181.7,92863.8,467.76736,BTC/USDT,15m
2025-01-09 15:00:00,92863.81,92954.54,92671.67,92954.54,440.04368,BTC/USDT,15m
2025-01-09 15:15:00,92954.53,93556.59,92954.53,93540.53,535.39142,BTC/USDT,15m
2025-01-09 15:30:00,93540.52,93927.53,93452.0,93920.0,763.76133,BTC/USDT,15m
2025-01-09 15:45:00,93920.0,94588.23,93815.33,94244.02,821.27724,BTC/USDT,15m
2025-01-09 16:00:00,94244.02,94685.25,94170.42,94406.29,515.46876,BTC/USDT,15m
2025-01-09 16:15:00,94406.25,94406.25,93905.18,94027.11,488.92009,BTC/USDT,15m
2025-01-09 16:30:00,94027.1,94203.99,93846.15,94143.83,340.02311,BTC/USDT,15m
2025-01-09 16:45:00,94143.82,94399.99,94095.84,94250.95,252.65573,BTC/USDT,15m
2025-01-09 17:00:00,94250.96,94293.96,93968.84,94001.53,206.40467,BTC/USDT,15m
2025-01-09 17:15:00,94001.52,94076.5,93649.41,93802.25,288.54765,BTC/USDT,15m
2025-01-09 17:30:00,93802.25,93842.39,93409.01,93452.63,291.53588,BTC/USDT,15m
2025-01-09 17:45:00,93452.62,93452.63,92325.0,92693.11,1141.49304,BTC/USDT,15m
2025-01-09 18:00:00,92693.11,92939.32,92403.77,92749.15,512.05925,BTC/USDT,15m
2025-01-09 18:15:00,92749.15,92873.76,92404.72,92756.01,370.21683,BTC/USDT,15m
2025-01-09 18:30:00,92756.01,93239.51,92615.38,93014.93,297.19819,BTC/USDT,15m
2025-01-09 18:45:00,93014.93,93139.99,92818.65,93020.11,260.9435,BTC/USDT,15m
2025-01-09 19:00:00,93020.1,93291.96,92844.77,93289.73,241.86451,BTC/USDT,15m
2025-01-09 19:15:00,93289.72,93290.99,92752.38,92842.5,161.70021,BTC/USDT,15m
2025-01-09 19:30:00,92842.5,93035.4,92630.44,92668.16,270.82403,BTC/USDT,15m
2025-01-09 19:45:00,92668.17,92682.05,91900.01,91909.59,984.80853,BTC/USDT,15m
2025-01-09 20:00:00,91909.59,92371.32,91615.38,91762.39,767.16654,BTC/USDT,15m
2025-01-09 20:15:00,91762.4,92013.15,91203.67,91291.69,1258.88356,BTC/USDT,15m
2025-01-09 20:30:00,91291.69,91875.36,91220.5,91810.35,494.53792,BTC/USDT,15m
2025-01-09 20:45:00,91810.16,92200.0,91642.61,91903.22,427.51169,BTC/USDT,15m
2025-01-09 21:00:00,91903.21,92251.3,91781.09,92183.46,389.59651,BTC/USDT,15m
2025-01-09 21:15:00,92183.56,92497.66,92064.0,92277.94,312.09068,BTC/USDT,15m
2025-01-09 21:30:00,92277.93,92350.0,92038.33,92239.61,218.59757,BTC/USDT,15m
2025-01-09 21:45:00,92239.6,92300.42,91921.28,92108.84,193.51578,BTC/USDT,15m
2025-01-09 22:00:00,92108.84,92287.63,91624.0,91686.82,338.17352,BTC/USDT,15m
2025-01-09 22:15:00,91686.82,92185.92,91638.71,92185.92,252.19122,BTC/USDT,15m
2025-01-09 22:30:00,92186.66,92720.67,92186.66,92592.77,394.51008,BTC/USDT,15m
2025-01-09 22:45:00,92592.77,92627.59,92363.63,92456.32,142.00692,BTC/USDT,15m
2025-01-09 23:00:00,92456.32,92689.38,92347.04,92461.01,257.43188,BTC/USDT,15m
2025-01-09 23:15:00,92461.01,92500.0,92185.49,92227.36,171.29167,BTC/USDT,15m
2025-01-09 23:30:00,92227.36,92319.94,92034.55,92186.93,212.13586,BTC/USDT,15m
2025-01-09 23:45:00,92186.93,92562.47,92163.46,92552.49,163.789,BTC/USDT,15m
2025-01-10 00:00:00,92552.49,92764.54,92524.08,92637.77,305.13092,BTC/USDT,15m
2025-01-10 00:15:00,92637.65,92766.64,92431.73,92567.0,215.03256,BTC/USDT,15m
2025-01-10 00:30:00,92567.01,92757.55,92457.65,92704.51,137.27102,BTC/USDT,15m
2025-01-10 00:45:00,92704.51,92850.0,92534.95,92775.84,108.17212,BTC/USDT,15m
2025-01-10 01:00:00,92775.85,92878.79,92590.33,92829.45,195.64513,BTC/USDT,15m
2025-01-10 01:15:00,92829.45,92916.66,92670.0,92789.78,108.33914,BTC/USDT,15m
2025-01-10 01:30:00,92789.78,93133.32,92763.55,93113.97,174.83841,BTC/USDT,15m
2025-01-10 01:45:00,93113.98,93159.16,92893.85,93102.52,167.68206,BTC/USDT,15m
2025-01-10 02:00:00,93102.52,93259.33,93088.58,93111.57,185.92037,BTC/USDT,15m
2025-01-10 02:15:00,93111.57,93548.76,93033.5,93515.41,166.76844,BTC/USDT,15m
2025-01-10 02:30:00,93515.41,93726.87,93252.6,93329.65,406.64601,BTC/USDT,15m
2025-01-10 02:45:00,93329.65,93541.35,93309.7,93364.36,150.72314,BTC/USDT,15m
2025-01-10 03:00:00,93364.36,93588.0,93328.46,93432.74,159.11585,BTC/USDT,15m
2025-01-10 03:15:00,93432.74,93566.82,93312.58,93554.99,141.74792,BTC/USDT,15m
2025-01-10 03:30:00,93555.0,93620.0,93429.68,93536.48,134.93082,BTC/USDT,15m
2025-01-10 03:45:00,93536.49,93727.83,93520.76,93696.13,170.07675,BTC/USDT,15m
2025-01-10 04:00:00,93696.13,93908.85,93598.97,93705.7,212.14962,BTC/USDT,15m
2025-01-10 04:15:00,93705.71,93809.16,93529.59,93567.69,108.72731,BTC/USDT,15m
2025-01-10 04:30:00,93567.7,93768.5,93500.0,93720.76,105.78418,BTC/USDT,15m
2025-01-10 04:45:00,93720.76,93845.83,93675.51,93837.69,113.07838,BTC/USDT,15m
2025-01-10 05:00:00,93837.69,93895.62,93744.07,93744.08,108.84893,BTC/USDT,15m
2025-01-10 05:15:00,93744.07,93808.0,93642.85,93808.0,172.60117,BTC/USDT,15m
2025-01-10 05:30:00,93808.0,94250.07,93808.0,94102.28,373.99832,BTC/USDT,15m
2025-01-10 05:45:00,94102.29,94145.16,93904.48,93956.83,148.20391,BTC/USDT,15m
2025-01-10 06:00:00,93956.83,94141.91,93880.65,93977.17,137.05816,BTC/USDT,15m
2025-01-10 06:15:00,93977.16,94111.62,93911.99,93946.06,243.74752,BTC/USDT,15m
2025-01-10 06:30:00,93946.06,94186.0,93733.83,94111.63,329.36905,BTC/USDT,15m
2025-01-10 06:45:00,94111.63,94319.0,94084.24,94252.83,173.65071,BTC/USDT,15m
2025-01-10 07:00:00,94252.83,94314.31,94070.0,94247.16,146.55127,BTC/USDT,15m
2025-01-10 07:15:00,94247.17,94366.49,94159.6,94356.71,115.30859,BTC/USDT,15m
2025-01-10 07:30:00,94356.72,94950.07,94272.0,94811.12,631.21454,BTC/USDT,15m
2025-01-10 07:45:00,94811.13,95000.0,94441.16,94492.63,481.99212,BTC/USDT,15m
2025-01-10 08:00:00,94492.62,94733.33,94388.5,94733.23,242.62444,BTC/USDT,15m
2025-01-10 08:15:00,94733.23,94766.12,94565.91,94692.73,154.13277,BTC/USDT,15m
2025-01-10 08:30:00,94692.73,94696.96,94488.38,94519.99,204.80774,BTC/USDT,15m
2025-01-10 08:45:00,94520.0,94735.96,94468.76,94680.01,185.36149,BTC/USDT,15m
2025-01-10 09:00:00,94680.0,94833.55,94582.03,94822.13,168.33597,BTC/USDT,15m
2025-01-10 09:15:00,94822.13,94958.64,94767.73,94941.24,167.79978,BTC/USDT,15m
2025-01-10 09:30:00,94941.24,94969.7,94854.59,94867.49,182.84068,BTC/USDT,15m
2025-01-10 09:45:00,94867.48,95000.55,94771.45,94793.08,231.74664,BTC/USDT,15m
2025-01-10 10:00:00,94793.07,94981.53,94789.82,94958.47,111.2001,BTC/USDT,15m
2025-01-10 10:15:00,94958.48,94975.33,94781.25,94788.99,143.10351,BTC/USDT,15m
2025-01-10 10:30:00,94788.99,94990.15,94757.57,94974.9,153.53116,BTC/USDT,15m
2025-01-10 10:45:00,94974.89,95293.4,94915.45,95215.73,191.50206,BTC/USDT,15m
2025-01-10 11:00:00,95215.73,95267.16,94935.62,94951.97,191.82827,BTC/USDT,15m
2025-01-10 11:15:00,94951.97,94998.25,94802.34,94804.45,132.55277,BTC/USDT,15m
2025-01-10 11:30:00,94803.89,94936.27,94600.49,94911.79,285.42207,BTC/USDT,15m
2025-01-10 11:45:00,94911.8,95083.46,94860.46,95073.95,99.77788,BTC/USDT,15m
2025-01-10 12:00:00,95073.95,95117.26,94850.22,94884.69,179.63303,BTC/USDT,15m
2025-01-10 12:15:00,94884.69,94934.0,94737.19,94776.87,193.47011,BTC/USDT,15m
2025-01-10 12:30:00,94776.87,94899.99,94702.49,94805.25,94.65929,BTC/USDT,15m
2025-01-10 12:45:00,94805.26,95063.67,94781.4,95023.44,117.91946,BTC/USDT,15m
2025-01-10 13:00:00,95023.44,95046.0,94790.2,94802.93,135.02255,BTC/USDT,15m
2025-01-10 13:15:00,94803.5,95007.79,94733.49,94818.18,165.04608,BTC/USDT,15m
2025-01-10 13:30:00,94818.18,94834.77,92715.85,93548.0,3266.37298,BTC/USDT,15m
2025-01-10 13:45:00,93548.0,93916.75,93140.0,93557.23,870.1657,BTC/USDT,15m
2025-01-10 14:00:00,93557.23,94385.65,93379.93,94151.53,746.34168,BTC/USDT,15m
2025-01-10 14:15:00,94151.53,94680.76,94120.01,94409.6,539.18279,BTC/USDT,15m
2025-01-10 14:30:00,94409.59,94454.54,93570.0,94295.2,1121.44304,BTC/USDT,15m
2025-01-10 14:45:00,94295.21,94568.0,93681.15,94115.63,630.61959,BTC/USDT,15m
2025-01-10 15:00:00,94115.62,94115.62,92206.02,92356.61,1547.91241,BTC/USDT,15m
2025-01-10 15:15:00,92356.62,93390.74,92321.1,93269.55,999.07417,BTC/USDT,15m
2025-01-10 15:30:00,93269.55,94397.57,93035.04,94104.01,720.4063,BTC/USDT,15m
2025-01-10 15:45:00,94104.01,94524.0,93706.34,93730.92,680.83983,BTC/USDT,15m
2025-01-10 16:00:00,93730.93,93860.0,93388.01,93637.28,654.67722,BTC/USDT,15m
2025-01-10 16:15:00,93637.29,94014.21,93344.7,93424.25,444.16079,BTC/USDT,15m
2025-01-10 16:30:00,93424.25,93931.99,93177.4,93865.16,534.41104,BTC/USDT,15m
2025-01-10 16:45:00,93865.15,94062.94,93589.52,93645.05,533.69305,BTC/USDT,15m
2025-01-10 17:00:00,93645.06,93752.02,93318.07,93535.89,457.21085,BTC/USDT,15m
2025-01-10 17:15:00,93535.88,94363.64,93479.26,94363.64,429.70574,BTC/USDT,15m
2025-01-10 17:30:00,94363.63,94496.0,94045.45,94424.49,416.18969,BTC/USDT,15m
2025-01-10 17:45:00,94424.49,95836.0,94270.1,95793.05,1312.57911,BTC/USDT,15m
2025-01-10 18:00:00,95793.04,95793.04,95350.0,95424.49,845.18833,BTC/USDT,15m
2025-01-10 18:15:00,95424.26,95460.0,94832.0,94962.27,418.82701,BTC/USDT,15m
2025-01-10 18:30:00,94962.28,94991.16,94581.87,94710.59,424.96563,BTC/USDT,15m
2025-01-10 18:45:00,94710.6,95135.5,94701.0,94861.62,300.48868,BTC/USDT,15m
2025-01-10 19:00:00,94861.62,94923.84,94373.85,94744.76,352.89063,BTC/USDT,15m
2025-01-10 19:15:00,94744.28,95188.06,94693.73,94984.52,288.53413,BTC/USDT,15m
2025-01-10 19:30:00,94984.52,95259.54,94942.75,95108.0,239.62248,BTC/USDT,15m
2025-01-10 19:45:00,95108.0,95386.74,94976.14,95327.06,307.44701,BTC/USDT,15m
2025-01-10 20:00:00,95327.07,95442.15,95171.29,95171.29,248.79936,BTC/USDT,15m
2025-01-10 20:15:00,95171.29,95199.2,94790.97,94925.58,241.53715,BTC/USDT,15m
2025-01-10 20:30:00,94924.84,94985.63,94586.02,94711.23,212.29496,BTC/USDT,15m
2025-01-10 20:45:00,94711.23,94923.07,94616.01,94672.05,348.11053,BTC/USDT,15m
2025-01-10 21:00:00,94669.06,94812.86,94603.72,94812.85,193.43249,BTC/USDT,15m
2025-01-10 21:15:00,94812.86,94917.6,94734.37,94872.0,82.78157,BTC/USDT,15m
2025-01-10 21:30:00,94871.99,94923.05,94687.72,94722.86,63.11859,BTC/USDT,15m
2025-01-10 21:45:00,94722.86,94908.85,94613.25,94613.26,104.42883,BTC/USDT,15m
2025-01-10 22:00:00,94613.26,94682.54,94586.03,94615.1,84.87661,BTC/USDT,15m
2025-01-10 22:15:00,94615.1,94818.19,94588.01,94803.53,73.37068,BTC/USDT,15m
2025-01-10 22:30:00,94803.54,94955.54,94600.13,94854.62,126.43164,BTC/USDT,15m
2025-01-10 22:45:00,94854.62,94854.62,94667.24,94767.7,58.04379,BTC/USDT,15m
2025-01-10 23:00:00,94767.69,94815.31,94657.39,94790.02,98.95638,BTC/USDT,15m
2025-01-10 23:15:00,94790.01,94894.81,94700.0,94876.21,58.50173,BTC/USDT,15m
2025-01-10 23:30:00,94876.21,94890.12,94784.41,94804.52,79.09475,BTC/USDT,15m
2025-01-10 23:45:00,94804.52,94808.97,94695.86,94726.11,63.49301,BTC/USDT,15m
2025-01-11 00:00:00,94726.1,94746.37,94629.23,94661.91,90.25479,BTC/USDT,15m
2025-01-11 00:15:00,94661.91,94661.91,94360.65,94496.8,141.63517,BTC/USDT,15m
2025-01-11 00:30:00,94496.81,94616.0,94382.08,94382.14,79.66968,BTC/USDT,15m
2025-01-11 00:45:00,94382.14,94606.08,94379.19,94600.69,48.60369,BTC/USDT,15m
2025-01-11 01:00:00,94600.7,94696.97,94528.91,94630.7,71.88124,BTC/USDT,15m
2025-01-11 01:15:00,94630.69,94666.67,94516.26,94526.42,64.17973,BTC/USDT,15m
2025-01-11 01:30:00,94526.43,94575.76,94325.82,94330.38,103.8317,BTC/USDT,15m
2025-01-11 01:45:00,94330.38,94433.08,94214.38,94424.26,95.89858,BTC/USDT,15m
2025-01-11 02:00:00,94424.26,94495.9,94303.37,94320.19,67.31336,BTC/USDT,15m
2025-01-11 02:15:00,94320.19,94341.59,94212.0,94275.48,106.71363,BTC/USDT,15m
2025-01-11 02:30:00,94275.47,94381.32,94180.0,94312.48,82.11399,BTC/USDT,15m
2025-01-11 02:45:00,94312.49,94483.18,94278.58,94424.24,48.26559,BTC/USDT,15m
2025-01-11 03:00:00,94424.24,94429.84,94177.37,94239.02,106.50688,BTC/USDT,15m
2025-01-11 03:15:00,94239.02,94273.78,94106.49,94161.94,50.28692,BTC/USDT,15m
2025-01-11 03:30:00,94161.95,94242.43,94126.35,94234.47,43.73173,BTC/USDT,15m
2025-01-11 03:45:00,94234.46,94272.73,94165.89,94206.95,74.94703,BTC/USDT,15m
2025-01-11 04:00:00,94206.96,94316.09,94148.0,94163.55,86.62673,BTC/USDT,15m
2025-01-11 04:15:00,94163.54,94225.25,94071.21,94071.21,46.558,BTC/USDT,15m
2025-01-11 04:30:00,94071.22,94097.4,93831.73,93974.01,209.30889,BTC/USDT,15m
2025-01-11 04:45:00,93974.02,94070.04,93903.16,94063.29,66.91096,BTC/USDT,15m
2025-01-11 05:00:00,94063.29,94212.1,94013.51,94200.0,69.28321,BTC/USDT,15m
2025-01-11 05:15:00,94199.99,94204.5,94102.0,94189.66,45.12466,BTC/USDT,15m
2025-01-11 05:30:00,94189.65,94363.62,94151.51,94316.54,70.66047,BTC/USDT,15m
2025-01-11 05:45:00,94316.55,94381.08,94242.43,94366.69,50.07271,BTC/USDT,15m
2025-01-11 06:00:00,94366.7,94441.87,94362.0,94383.79,46.86634,BTC/USDT,15m
2025-01-11 06:15:00,94383.79,94406.52,94322.4,94406.52,33.76271,BTC/USDT,15m
2025-01-11 06:30:00,94406.52,94419.5,94292.03,94377.78,40.23329,BTC/USDT,15m
2025-01-11 06:45:00,94377.77,94377.78,94216.25,94216.25,29.73905,BTC/USDT,15m
2025-01-11 07:00:00,94216.26,94333.34,94205.67,94323.31,48.90157,BTC/USDT,15m
2025-01-11 07:15:00,94323.31,94331.9,94169.74,94187.88,49.07047,BTC/USDT,15m
2025-01-11 07:30:00,94187.87,94275.02,94154.6,94183.9,46.46108,BTC/USDT,15m
2025-01-11 07:45:00,94183.91,94246.36,94151.51,94246.36,49.97952,BTC/USDT,15m
2025-01-11 08:00:00,94246.36,94385.58,94202.0,94385.57,50.9673,BTC/USDT,15m
2025-01-11 08:15:00,94385.58,94408.34,94301.0,94357.86,40.55411,BTC/USDT,15m
2025-01-11 08:30:00,94357.86,94361.94,94202.11,94222.08,42.9059,BTC/USDT,15m
2025-01-11 08:45:00,94222.08,94222.09,94031.22,94074.79,92.49767,BTC/USDT,15m
2025-01-11 09:00:00,94074.8,94177.99,94044.82,94177.98,60.97717,BTC/USDT,15m
2025-01-11 09:15:00,94177.98,94231.57,94138.44,94231.56,27.95099,BTC/USDT,15m
2025-01-11 09:30:00,94231.57,94329.8,94217.68,94329.79,71.31932,BTC/USDT,15m
2025-01-11 09:45:00,94329.79,94329.8,94227.88,94329.45,37.40566,BTC/USDT,15m
